Method Name,Individual Word,Dictionary Word,POS Tag,Length (Characters)
isES6ClassFn,is,True,AUX,2
isES6ClassFn,ES,True,PROPN,2
isES6ClassFn,6,True,NUM,1
isES6ClassFn,Class,True,NOUN,5
isES6ClassFn,Fn,False,PROPN,2
isES6ClassFn,is,True,AUX,2
isES6ClassFn,ES,True,PROPN,2
isES6ClassFn,6,True,NUM,1
isES6ClassFn,Class,True,NOUN,5
isES6ClassFn,Fn,False,PROPN,2
tryFunctionObject,try,True,VERB,3
tryFunctionObject,Function,True,NOUN,8
tryFunctionObject,Object,True,VERB,6
tryFunctionObject,try,True,VERB,3
tryFunctionObject,Function,True,NOUN,8
tryFunctionObject,Object,True,VERB,6
isCallable,is,True,AUX,2
isCallable,Callable,True,ADJ,8
isCallable,is,True,AUX,2
isCallable,Callable,True,ADJ,8
tryRegexExec,try,True,VERB,3
tryRegexExec,Regex,True,NOUN,5
tryRegexExec,Exec,True,NOUN,4
tryRegexExec,try,True,VERB,3
tryRegexExec,Regex,True,NOUN,5
tryRegexExec,Exec,True,NOUN,4
isRegex,is,True,AUX,2
isRegex,Regex,True,NOUN,5
tryStringObject,try,True,VERB,3
tryStringObject,String,True,NOUN,6
tryStringObject,Object,True,VERB,6
tryStringObject,try,True,VERB,3
tryStringObject,String,True,NOUN,6
tryStringObject,Object,True,VERB,6
isString,is,True,AUX,2
isString,String,True,NOUN,6
defineProperties,define,True,VERB,6
defineProperties,Properties,True,NOUN,10
isPrimitive,is,True,AUX,2
isPrimitive,Primitive,True,VERB,9
isPrimitive,is,True,AUX,2
isPrimitive,Primitive,True,VERB,9
ToInteger,To,True,PART,2
ToInteger,Integer,True,PROPN,7
ToPrimitive,To,True,PART,2
ToPrimitive,Primitive,True,VERB,9
ToUint32,To,True,PART,2
ToUint32,Uint32,False,NOUN,6
Empty,Empty,True,ADJ,5
Empty,Empty,True,ADJ,5
binder,binder,True,NOUN,6
bind,bind,True,VERB,4
isArray,is,True,AUX,2
isArray,Array,True,VERB,5
properlyBoxed,properly,True,ADV,8
properlyBoxed,Boxed,True,VERB,5
properlyBoxed,properly,True,ADV,8
properlyBoxed,Boxed,True,VERB,5
forEach,for,True,ADP,3
forEach,Each,True,PRON,4
map,map,True,NOUN,3
filter,filter,True,VERB,6
every,every,True,PRON,5
some,some,True,PRON,4
reduce,reduce,True,VERB,6
reduceRight,reduce,True,VERB,6
reduceRight,Right,True,INTJ,5
indexOf,index,True,NOUN,5
indexOf,Of,True,ADP,2
lastIndexOf,last,True,ADJ,4
lastIndexOf,Index,True,NOUN,5
lastIndexOf,Of,True,ADP,2
splice,splice,True,NOUN,6
splice,splice,True,NOUN,6
splice,splice,True,NOUN,6
join,join,True,VERB,4
join,join,True,VERB,4
push,push,True,VERB,4
push,push,True,VERB,4
push,push,True,VERB,4
sort,sort,True,VERB,4
equalsConstructorPrototype,equals,True,VERB,6
equalsConstructorPrototype,Constructor,True,NOUN,11
equalsConstructorPrototype,Prototype,True,NOUN,9
equalsConstructorPrototypeIfNotBuggy,equals,True,VERB,6
equalsConstructorPrototypeIfNotBuggy,Constructor,True,NOUN,11
equalsConstructorPrototypeIfNotBuggy,Prototype,True,NOUN,9
equalsConstructorPrototypeIfNotBuggy,If,True,SCONJ,2
equalsConstructorPrototypeIfNotBuggy,Not,True,PART,3
equalsConstructorPrototypeIfNotBuggy,Buggy,True,ADJ,5
isArguments,is,True,AUX,2
isArguments,Arguments,True,NOUN,9
isArguments,is,True,AUX,2
isArguments,Arguments,True,NOUN,9
isArguments,is,True,AUX,2
isArguments,Arguments,True,NOUN,9
isArguments,is,True,AUX,2
isArguments,Arguments,True,NOUN,9
keys,keys,True,NOUN,4
keys,keys,True,NOUN,4
daysInMonth,days,True,NOUN,4
daysInMonth,In,True,ADP,2
daysInMonth,Month,True,NOUN,5
daysInMonth,days,True,NOUN,4
daysInMonth,In,True,ADP,2
daysInMonth,Month,True,NOUN,5
getFullYear,get,True,VERB,3
getFullYear,Full,True,ADJ,4
getFullYear,Year,True,NOUN,4
getMonth,get,True,VERB,3
getMonth,Month,True,NOUN,5
getDate,get,True,VERB,3
getDate,Date,True,NOUN,4
getUTCFullYear,get,True,VERB,3
getUTCFullYear,UTC,True,NOUN,3
getUTCFullYear,Full,True,ADJ,4
getUTCFullYear,Year,True,NOUN,4
getUTCMonth,get,True,VERB,3
getUTCMonth,UTC,True,NOUN,3
getUTCMonth,Month,True,NOUN,5
getUTCDate,get,True,VERB,3
getUTCDate,UTC,True,NOUN,3
getUTCDate,Date,True,NOUN,4
toUTCString,to,True,PART,2
toUTCString,UTC,True,NOUN,3
toUTCString,String,True,NOUN,6
toDateString,to,True,PART,2
toDateString,Date,True,NOUN,4
toDateString,String,True,NOUN,6
toString,to,True,PART,2
toString,String,True,NOUN,6
toString,to,True,PART,2
toString,String,True,NOUN,6
toISOString,to,True,PART,2
toISOString,ISO,True,PROPN,3
toISOString,String,True,NOUN,6
toJSON,to,True,PART,2
toJSON,JSON,False,NOUN,4
toJSON,to,True,PART,2
toJSON,JSON,False,NOUN,4
Date,Date,True,NOUN,4
Date,Date,True,NOUN,4
dayFromMonth,day,True,NOUN,3
dayFromMonth,From,True,ADP,4
dayFromMonth,Month,True,NOUN,5
dayFromMonth,day,True,NOUN,3
dayFromMonth,From,True,ADP,4
dayFromMonth,Month,True,NOUN,5
toUTC,to,True,PART,2
toUTC,UTC,True,NOUN,3
toUTC,to,True,PART,2
toUTC,UTC,True,NOUN,3
parse,parse,True,VERB,5
parse,parse,True,VERB,5
now,now,True,ADV,3
now,now,True,ADV,3
multiply,multiply,True,VERB,8
divide,divide,True,NOUN,6
numToString,num,False,ADJ,3
numToString,To,True,PART,2
numToString,String,True,NOUN,6
pow,pow,True,PROPN,3
log,log,True,VERB,3
toFixed,to,True,PART,2
toFixed,Fixed,True,VERB,5
toFixed,to,True,PART,2
toFixed,Fixed,True,VERB,5
toPrecision,to,True,PART,2
toPrecision,Precision,True,NOUN,9
split,split,True,VERB,5
split,split,True,VERB,5
split,split,True,VERB,5
wrappedReplaceValue,wrapped,True,VERB,7
wrappedReplaceValue,Replace,True,VERB,7
wrappedReplaceValue,Value,True,NOUN,5
replace,replace,True,VERB,7
replace,replace,True,VERB,7
substr,sub,True,VERB,3
substr,str,True,PROPN,3
trim,trim,True,VERB,4
lastIndexOf,last,True,ADJ,4
lastIndexOf,Index,True,NOUN,5
lastIndexOf,Of,True,ADP,2
lastIndexOf,last,True,ADJ,4
lastIndexOf,Index,True,NOUN,5
lastIndexOf,Of,True,ADP,2
parseInt,parse,True,VERB,5
parseInt,Int,True,VERB,3
parseFloat,parse,True,VERB,5
parseFloat,Float,True,VERB,5
toString,to,True,PART,2
toString,String,True,NOUN,6
toString,to,True,PART,2
toString,String,True,NOUN,6
ensureNonEnumerable,ensure,True,VERB,6
ensureNonEnumerable,Non,True,PROPN,3
ensureNonEnumerable,Enumerable,True,ADJ,10
toString,to,True,PART,2
toString,String,True,NOUN,6
toString,to,True,PART,2
toString,String,True,NOUN,6
getPrototypeOf,get,True,VERB,3
getPrototypeOf,Prototype,True,NOUN,9
getPrototypeOf,Of,True,ADP,2
getPrototypeOf,get,True,VERB,3
getPrototypeOf,Prototype,True,NOUN,9
getPrototypeOf,Of,True,ADP,2
doesGetOwnPropertyDescriptorWork,does,True,VERB,4
doesGetOwnPropertyDescriptorWork,Get,True,VERB,3
doesGetOwnPropertyDescriptorWork,Own,True,VERB,3
doesGetOwnPropertyDescriptorWork,Property,True,NOUN,8
doesGetOwnPropertyDescriptorWork,Descriptor,True,NOUN,10
doesGetOwnPropertyDescriptorWork,Work,True,VERB,4
doesGetOwnPropertyDescriptorWork,does,True,VERB,4
doesGetOwnPropertyDescriptorWork,Get,True,VERB,3
doesGetOwnPropertyDescriptorWork,Own,True,VERB,3
doesGetOwnPropertyDescriptorWork,Property,True,NOUN,8
doesGetOwnPropertyDescriptorWork,Descriptor,True,NOUN,10
doesGetOwnPropertyDescriptorWork,Work,True,VERB,4
getOwnPropertyDescriptor,get,True,VERB,3
getOwnPropertyDescriptor,Own,True,VERB,3
getOwnPropertyDescriptor,Property,True,NOUN,8
getOwnPropertyDescriptor,Descriptor,True,NOUN,10
getOwnPropertyDescriptor,get,True,VERB,3
getOwnPropertyDescriptor,Own,True,VERB,3
getOwnPropertyDescriptor,Property,True,NOUN,8
getOwnPropertyDescriptor,Descriptor,True,NOUN,10
getOwnPropertyNames,get,True,VERB,3
getOwnPropertyNames,Own,True,VERB,3
getOwnPropertyNames,Property,True,NOUN,8
getOwnPropertyNames,Names,True,NOUN,5
getOwnPropertyNames,get,True,VERB,3
getOwnPropertyNames,Own,True,VERB,3
getOwnPropertyNames,Property,True,NOUN,8
getOwnPropertyNames,Names,True,NOUN,5
shouldUseActiveX,should,True,AUX,6
shouldUseActiveX,Use,True,VERB,3
shouldUseActiveX,Active,True,ADJ,6
shouldUseActiveX,X,True,NOUN,1
shouldUseActiveX,should,True,AUX,6
shouldUseActiveX,Use,True,VERB,3
shouldUseActiveX,Active,True,ADJ,6
shouldUseActiveX,X,True,NOUN,1
getEmptyViaActiveX,get,True,VERB,3
getEmptyViaActiveX,Empty,True,ADJ,5
getEmptyViaActiveX,Via,True,PROPN,3
getEmptyViaActiveX,Active,True,ADJ,6
getEmptyViaActiveX,X,True,NOUN,1
getEmptyViaActiveX,get,True,VERB,3
getEmptyViaActiveX,Empty,True,ADJ,5
getEmptyViaActiveX,Via,True,PROPN,3
getEmptyViaActiveX,Active,True,ADJ,6
getEmptyViaActiveX,X,True,NOUN,1
getEmptyViaIFrame,get,True,VERB,3
getEmptyViaIFrame,Empty,True,ADJ,5
getEmptyViaIFrame,Via,True,PROPN,3
getEmptyViaIFrame,I,True,PRON,1
getEmptyViaIFrame,Frame,True,NOUN,5
getEmptyViaIFrame,get,True,VERB,3
getEmptyViaIFrame,Empty,True,ADJ,5
getEmptyViaIFrame,Via,True,PROPN,3
getEmptyViaIFrame,I,True,PRON,1
getEmptyViaIFrame,Frame,True,NOUN,5
Empty,Empty,True,ADJ,5
Empty,Empty,True,ADJ,5
Type,Type,True,NOUN,4
Type,Type,True,NOUN,4
create,create,True,VERB,6
create,create,True,VERB,6
doesDefinePropertyWork,does,True,VERB,4
doesDefinePropertyWork,Define,True,VERB,6
doesDefinePropertyWork,Property,True,NOUN,8
doesDefinePropertyWork,Work,True,VERB,4
doesDefinePropertyWork,does,True,VERB,4
doesDefinePropertyWork,Define,True,VERB,6
doesDefinePropertyWork,Property,True,NOUN,8
doesDefinePropertyWork,Work,True,VERB,4
defineProperty,define,True,VERB,6
defineProperty,Property,True,NOUN,8
defineProperty,define,True,VERB,6
defineProperty,Property,True,NOUN,8
defineProperties,define,True,VERB,6
defineProperties,Properties,True,NOUN,10
defineProperties,define,True,VERB,6
defineProperties,Properties,True,NOUN,10
seal,seal,True,NOUN,4
seal,seal,True,NOUN,4
freeze,freeze,True,VERB,6
freeze,freeze,True,VERB,6
freeze,freeze,True,VERB,6
preventExtensions,prevent,True,VERB,7
preventExtensions,Extensions,True,NOUN,10
preventExtensions,prevent,True,VERB,7
preventExtensions,Extensions,True,NOUN,10
isSealed,is,True,AUX,2
isSealed,Sealed,True,VERB,6
isSealed,is,True,AUX,2
isSealed,Sealed,True,VERB,6
isFrozen,is,True,AUX,2
isFrozen,Frozen,True,ADJ,6
isFrozen,is,True,AUX,2
isFrozen,Frozen,True,ADJ,6
isExtensible,is,True,AUX,2
isExtensible,Extensible,True,ADJ,10
isExtensible,is,True,AUX,2
isExtensible,Extensible,True,ADJ,10
dummy,dummy,True,PROPN,5
preventDefault,prevent,True,VERB,7
preventDefault,Default,True,NOUN,7
stopPropagation,stop,True,VERB,4
stopPropagation,Propagation,True,NOUN,11
addEventListener,add,True,VERB,3
addEventListener,Event,True,NOUN,5
addEventListener,Listener,True,PROPN,8
removeEventListener,remove,True,VERB,6
removeEventListener,Event,True,NOUN,5
removeEventListener,Listener,True,PROPN,8
dispatchEvent,dispatch,True,VERB,8
dispatchEvent,Event,True,NOUN,5
cssremunit,css,False,ADV,3
cssremunit,rem,True,VERB,3
cssremunit,unit,True,NOUN,4
isStyleSheet,is,True,AUX,2
isStyleSheet,Style,True,NOUN,5
isStyleSheet,Sheet,True,NOUN,5
processLinks,process,True,NOUN,7
processLinks,Links,True,NOUN,5
storeCSS,store,True,VERB,5
storeCSS,CSS,False,NOUN,3
matchCSS,match,True,VERB,5
matchCSS,CSS,False,NOUN,3
buildCSS,build,True,VERB,5
buildCSS,CSS,False,NOUN,3
parseCSS,parse,True,VERB,5
parseCSS,CSS,False,NOUN,3
loadCSS,load,True,NOUN,4
loadCSS,CSS,False,NOUN,3
onreadystatechange,on,True,ADP,2
onreadystatechange,ready,True,ADJ,5
onreadystatechange,state,True,NOUN,5
onreadystatechange,change,True,VERB,6
onload,on,True,ADP,2
onload,load,True,NOUN,4
onerror,on,True,ADP,2
onerror,error,True,NOUN,5
xhr,xhr,False,PROPN,3
removeMediaQueries,remove,True,VERB,6
removeMediaQueries,Media,True,NOUN,5
removeMediaQueries,Queries,True,NOUN,7
b,b,True,X,1
update,update,True,VERB,6
onreadystatechange,on,True,ADP,2
onreadystatechange,ready,True,ADJ,5
onreadystatechange,state,True,NOUN,5
onreadystatechange,change,True,VERB,6
f,f,True,X,1
g,g,True,PROPN,1
u,u,True,NOUN,1
v,v,True,X,1
h,h,True,NOUN,1
w,w,True,PROPN,1
x,x,True,VERB,1
y,y,True,PROPN,1
S,S,True,NOUN,1
D,D,True,PROPN,1
e,e,True,X,1
I,I,True,PRON,1
k,k,True,NOUN,1
U,U,True,NOUN,1
X,X,True,NOUN,1
c,c,True,NOUN,1
re,re,True,VERB,2
ge,ge,False,PROPN,2
Ee,Ee,False,NOUN,2
_e,e,True,X,1
Ie,Ie,False,VERB,2
Ce,Ce,True,VERB,2
rt,rt,True,PROPN,2
toString,to,True,PART,2
toString,String,True,NOUN,6
toJSON,to,True,PART,2
toJSON,JSON,False,NOUN,4
t,t,True,NOUN,1
o,o,True,X,1
i,i,True,PRON,1
c,c,True,NOUN,1
now,now,True,ADV,3
zt,zt,False,PROPN,2
vt,vt,False,VERB,2
split,split,True,VERB,5
split,split,True,VERB,5
a,a,True,PRON,1
replace,replace,True,VERB,7
Ft,Ft,True,PROPN,2
Nt,Nt,False,VERB,2
kt,kt,True,PROPN,2
getPrototypeOf,get,True,VERB,3
getPrototypeOf,Prototype,True,NOUN,9
getPrototypeOf,Of,True,ADP,2
l,l,True,NOUN,1
getOwnPropertyDescriptor,get,True,VERB,3
getOwnPropertyDescriptor,Own,True,VERB,3
getOwnPropertyDescriptor,Property,True,NOUN,8
getOwnPropertyDescriptor,Descriptor,True,NOUN,10
getOwnPropertyNames,get,True,VERB,3
getOwnPropertyNames,Own,True,VERB,3
getOwnPropertyNames,Property,True,NOUN,8
getOwnPropertyNames,Names,True,NOUN,5
v,v,True,X,1
b,b,True,X,1
m,m,True,VERB,1
t,t,True,NOUN,1
r,r,True,X,1
create,create,True,VERB,6
w,w,True,PROPN,1
defineProperty,define,True,VERB,6
defineProperty,Property,True,NOUN,8
defineProperties,define,True,VERB,6
defineProperties,Properties,True,NOUN,10
seal,seal,True,NOUN,4
freeze,freeze,True,VERB,6
preventExtensions,prevent,True,VERB,7
preventExtensions,Extensions,True,NOUN,10
isSealed,is,True,AUX,2
isSealed,Sealed,True,VERB,6
isFrozen,is,True,AUX,2
isFrozen,Frozen,True,ADJ,6
isExtensible,is,True,AUX,2
isExtensible,Extensible,True,ADJ,10
i,i,True,PRON,1
preventDefault,prevent,True,VERB,7
preventDefault,Default,True,NOUN,7
stopPropagation,stop,True,VERB,4
stopPropagation,Propagation,True,NOUN,11
r,r,True,X,1
o,o,True,X,1
i,i,True,PRON,1
n,n,True,CCONJ,1
r,r,True,X,1
o,o,True,X,1
i,i,True,PRON,1
a,a,True,PRON,1
c,c,True,NOUN,1
s,s,True,NOUN,1
u,u,True,NOUN,1
onreadystatechange,on,True,ADP,2
onreadystatechange,ready,True,ADJ,5
onreadystatechange,state,True,NOUN,5
onreadystatechange,change,True,VERB,6
onload,on,True,ADP,2
onload,load,True,NOUN,4
onerror,on,True,ADP,2
onerror,error,True,NOUN,5
l,l,True,NOUN,1
f,f,True,X,1
t,t,True,NOUN,1
update,update,True,VERB,6
onreadystatechange,on,True,ADP,2
onreadystatechange,ready,True,ADJ,5
onreadystatechange,state,True,NOUN,5
onreadystatechange,change,True,VERB,6
i,i,True,PRON,1
a,a,True,PRON,1
w,w,True,PROPN,1
O,O,True,INTJ,1
c,c,True,NOUN,1
T,T,True,NOUN,1
j,j,True,NOUN,1
x,x,True,VERB,1
webpackUniversalModuleDefinition,web,True,NOUN,3
webpackUniversalModuleDefinition,pack,True,VERB,4
webpackUniversalModuleDefinition,Universal,True,ADJ,9
webpackUniversalModuleDefinition,Module,True,NOUN,6
webpackUniversalModuleDefinition,Definition,True,NOUN,10
__webpack_require__,web,True,NOUN,3
__webpack_require__,pack,True,VERB,4
__webpack_require__,require,True,VERB,7
later,later,True,ADV,5
debounce,debounce,False,NOUN,8
isInView,is,True,AUX,2
isInView,In,True,ADP,2
isInView,View,True,NOUN,4
options,options,True,NOUN,7
generateGUID,generate,True,VERB,8
generateGUID,G,True,NOUN,1
generateGUID,UID,False,PROPN,3
name,name,True,NOUN,4
noConflict,no,True,INTJ,2
noConflict,Conflict,True,NOUN,8
UIPlugin,UI,False,NOUN,2
UIPlugin,Plugin,True,VERB,6
UIPlugin,UI,False,NOUN,2
UIPlugin,Plugin,True,VERB,6
callback,callback,True,NOUN,8
emulateTransitionEnd,emulate,True,ADJ,7
emulateTransitionEnd,Transition,True,NOUN,10
emulateTransitionEnd,End,True,NOUN,3
redraw,redraw,True,PROPN,6
fireCallBack,fire,True,NOUN,4
fireCallBack,Call,True,VERB,4
fireCallBack,Back,True,ADV,4
transitionEnd,transition,True,NOUN,10
transitionEnd,End,True,NOUN,3
removeClassRegEx,remove,True,VERB,6
removeClassRegEx,Class,True,NOUN,5
removeClassRegEx,Reg,True,NOUN,3
removeClassRegEx,Ex,True,PROPN,2
alterClass,alter,True,VERB,5
alterClass,Class,True,NOUN,5
measureScrollbar,measure,True,NOUN,7
measureScrollbar,Scrollbar,False,NOUN,9
loaded,loaded,True,VERB,6
bindLoad,bind,True,VERB,4
bindLoad,Load,True,NOUN,4
imageLoader,image,True,NOUN,5
imageLoader,Loader,True,PROPN,6
escapeHTML,escape,True,VERB,6
escapeHTML,HTML,True,NOUN,4
template,template,True,NOUN,8
get,get,True,VERB,3
ready,ready,True,ADJ,5
DOMObserve,DOM,True,NOUN,3
DOMObserve,Observe,True,VERB,7
DOMObserve,DOM,True,NOUN,3
DOMObserve,Observe,True,VERB,7
setTimeoutContext,set,True,VERB,3
setTimeoutContext,Timeout,True,NOUN,7
setTimeoutContext,Context,True,NOUN,7
invokeArrayArg,invoke,True,NOUN,6
invokeArrayArg,Array,True,VERB,5
invokeArrayArg,Arg,True,VERB,3
each,each,True,PRON,4
deprecate,deprecate,True,NOUN,9
assign,assign,True,VERB,6
extend,extend,True,VERB,6
merge,merge,True,VERB,5
inherit,inherit,True,NOUN,7
boundFn,bound,True,VERB,5
boundFn,Fn,False,PROPN,2
bindFn,bind,True,VERB,4
bindFn,Fn,False,PROPN,2
boolOrFn,bool,False,NOUN,4
boolOrFn,Or,True,CCONJ,2
boolOrFn,Fn,False,PROPN,2
ifUndefined,if,True,SCONJ,2
ifUndefined,Undefined,True,VERB,9
addEventListeners,add,True,VERB,3
addEventListeners,Event,True,NOUN,5
addEventListeners,Listeners,True,NOUN,9
removeEventListeners,remove,True,VERB,6
removeEventListeners,Event,True,NOUN,5
removeEventListeners,Listeners,True,NOUN,9
hasParent,has,True,VERB,3
hasParent,Parent,True,NOUN,6
inStr,in,True,ADP,2
inStr,Str,True,NOUN,3
splitStr,split,True,VERB,5
splitStr,Str,True,NOUN,3
inArray,in,True,ADP,2
inArray,Array,True,VERB,5
toArray,to,True,PART,2
toArray,Array,True,VERB,5
sortUniqueArray,sort,True,VERB,4
sortUniqueArray,Unique,True,ADJ,6
sortUniqueArray,Array,True,VERB,5
uniqueArray,unique,True,ADJ,6
uniqueArray,Array,True,VERB,5
prefixed,prefixed,True,VERB,8
uniqueId,unique,True,ADJ,6
uniqueId,Id,True,PROPN,2
getWindowForElement,get,True,VERB,3
getWindowForElement,Window,True,NOUN,6
getWindowForElement,For,True,ADP,3
getWindowForElement,Element,True,NOUN,7
domHandler,dom,True,NOUN,3
domHandler,Handler,True,NOUN,7
Input,Input,True,NOUN,5
createInputInstance,create,True,VERB,6
createInputInstance,Input,True,NOUN,5
createInputInstance,Instance,True,PROPN,8
inputHandler,input,True,NOUN,5
inputHandler,Handler,True,NOUN,7
computeInputData,compute,True,VERB,7
computeInputData,Input,True,NOUN,5
computeInputData,Data,True,NOUN,4
computeDeltaXY,compute,True,VERB,7
computeDeltaXY,Delta,True,PROPN,5
computeDeltaXY,XY,False,PROPN,2
computeIntervalInputData,compute,True,VERB,7
computeIntervalInputData,Interval,True,NOUN,8
computeIntervalInputData,Input,True,NOUN,5
computeIntervalInputData,Data,True,NOUN,4
simpleCloneInputData,simple,True,ADJ,6
simpleCloneInputData,Clone,True,NOUN,5
simpleCloneInputData,Input,True,NOUN,5
simpleCloneInputData,Data,True,NOUN,4
getCenter,get,True,VERB,3
getCenter,Center,True,NOUN,6
getVelocity,get,True,VERB,3
getVelocity,Velocity,True,NOUN,8
getDirection,get,True,VERB,3
getDirection,Direction,True,NOUN,9
getDistance,get,True,VERB,3
getDistance,Distance,True,NOUN,8
getAngle,get,True,VERB,3
getAngle,Angle,True,PROPN,5
getRotation,get,True,VERB,3
getRotation,Rotation,True,NOUN,8
getScale,get,True,VERB,3
getScale,Scale,True,NOUN,5
MouseInput,Mouse,True,NOUN,5
MouseInput,Input,True,NOUN,5
MEhandler,ME,True,PRON,2
MEhandler,handler,True,NOUN,7
PointerEventInput,Pointer,True,NOUN,7
PointerEventInput,Event,True,NOUN,5
PointerEventInput,Input,True,NOUN,5
PEhandler,PE,True,PROPN,2
PEhandler,handler,True,NOUN,7
SingleTouchInput,Single,True,ADJ,6
SingleTouchInput,Touch,True,VERB,5
SingleTouchInput,Input,True,NOUN,5
TEhandler,TE,True,PROPN,2
TEhandler,handler,True,NOUN,7
normalizeSingleTouches,normalize,True,VERB,9
normalizeSingleTouches,Single,True,ADJ,6
normalizeSingleTouches,Touches,True,NOUN,7
TouchInput,Touch,True,VERB,5
TouchInput,Input,True,NOUN,5
MTEhandler,MTE,False,PROPN,3
MTEhandler,handler,True,NOUN,7
getTouches,get,True,VERB,3
getTouches,Touches,True,NOUN,7
TouchMouseInput,Touch,True,VERB,5
TouchMouseInput,Mouse,True,NOUN,5
TouchMouseInput,Input,True,NOUN,5
TMEhandler,TME,False,PROPN,3
TMEhandler,handler,True,NOUN,7
destroy,destroy,True,VERB,7
recordTouches,record,True,NOUN,6
recordTouches,Touches,True,NOUN,7
removeLastTouch,remove,True,VERB,6
removeLastTouch,Last,True,ADJ,4
removeLastTouch,Touch,True,VERB,5
setLastTouch,set,True,VERB,3
setLastTouch,Last,True,ADJ,4
setLastTouch,Touch,True,VERB,5
isSyntheticEvent,is,True,AUX,2
isSyntheticEvent,Synthetic,True,ADJ,9
isSyntheticEvent,Event,True,NOUN,5
TouchAction,Touch,True,VERB,5
TouchAction,Action,True,NOUN,6
cleanTouchActions,clean,True,VERB,5
cleanTouchActions,Touch,True,VERB,5
cleanTouchActions,Actions,True,NOUN,7
getTouchActionProps,get,True,VERB,3
getTouchActionProps,Touch,True,VERB,5
getTouchActionProps,Action,True,NOUN,6
getTouchActionProps,Props,True,NOUN,5
Recognizer,Recognizer,True,PROPN,10
emit,emit,True,VERB,4
stateStr,state,True,NOUN,5
stateStr,Str,True,NOUN,3
directionStr,direction,True,NOUN,9
directionStr,Str,True,NOUN,3
getRecognizerByNameIfManager,get,True,VERB,3
getRecognizerByNameIfManager,Recognizer,True,PROPN,10
getRecognizerByNameIfManager,By,True,ADP,2
getRecognizerByNameIfManager,Name,True,NOUN,4
getRecognizerByNameIfManager,If,True,SCONJ,2
getRecognizerByNameIfManager,Manager,True,NOUN,7
AttrRecognizer,Attr,False,VERB,4
AttrRecognizer,Recognizer,True,PROPN,10
PanRecognizer,Pan,True,PROPN,3
PanRecognizer,Recognizer,True,PROPN,10
PinchRecognizer,Pinch,True,VERB,5
PinchRecognizer,Recognizer,True,PROPN,10
PressRecognizer,Press,True,NOUN,5
PressRecognizer,Recognizer,True,PROPN,10
RotateRecognizer,Rotate,True,NOUN,6
RotateRecognizer,Recognizer,True,PROPN,10
SwipeRecognizer,Swipe,True,NOUN,5
SwipeRecognizer,Recognizer,True,PROPN,10
TapRecognizer,Tap,True,NOUN,3
TapRecognizer,Recognizer,True,PROPN,10
Hammer,Hammer,True,NOUN,6
Manager,Manager,True,NOUN,7
preventDefault,prevent,True,VERB,7
preventDefault,Default,True,NOUN,7
toggleCssProps,toggle,True,NOUN,6
toggleCssProps,Css,False,INTJ,3
toggleCssProps,Props,True,NOUN,5
triggerDomEvent,trigger,True,NOUN,7
triggerDomEvent,Dom,True,VERB,3
triggerDomEvent,Event,True,NOUN,5
hammerify,hammerify,False,VERB,9
hammer,hammer,True,NOUN,6
loaded,loaded,True,VERB,6
ath,ath,False,PROPN,3
removeSession,remove,True,VERB,6
removeSession,Session,True,NOUN,7
doLog,do,True,VERB,2
doLog,Log,True,VERB,3
Class,Class,True,NOUN,5
_extend,extend,True,VERB,6
_removeToken,remove,True,VERB,6
_removeToken,Token,True,PROPN,5
Alert,Alert,True,NOUN,5
processAlert,process,True,NOUN,7
processAlert,Alert,True,NOUN,5
close,close,True,VERB,5
Button,Button,True,PROPN,6
setState,set,True,VERB,3
setState,State,True,NOUN,5
toggle,toggle,True,NOUN,6
Collapse,Collapse,True,VERB,8
complete,complete,True,ADJ,8
open,open,True,VERB,4
complete,complete,True,ADJ,8
close,close,True,VERB,5
toggle,toggle,True,NOUN,6
Plugin,Plugin,True,VERB,6
Datepicker,Date,True,NOUN,4
Datepicker,picker,True,NOUN,6
open,open,True,VERB,4
close,close,True,VERB,5
set,set,True,VERB,3
setValue,set,True,VERB,3
setValue,Value,True,NOUN,5
place,place,True,NOUN,5
update,update,True,VERB,6
fillDow,fill,True,VERB,4
fillDow,Dow,True,PROPN,3
fillMonths,fill,True,VERB,4
fillMonths,Months,True,NOUN,6
fill,fill,True,VERB,4
click,click,True,VERB,5
mousedown,mouse,True,VERB,5
mousedown,down,True,ADV,4
showMode,show,True,VERB,4
showMode,Mode,True,NOUN,4
isOutView,is,True,AUX,2
isOutView,Out,True,ADV,3
isOutView,View,True,NOUN,4
getLocale,get,True,VERB,3
getLocale,Locale,True,NOUN,6
setTheme,set,True,VERB,3
setTheme,Theme,True,NOUN,5
Dimmer,Dimmer,True,NOUN,6
init,init,True,PROPN,4
open,open,True,VERB,4
complete,complete,True,ADJ,8
close,close,True,VERB,5
checkScrollbar,check,True,VERB,5
checkScrollbar,Scrollbar,False,NOUN,9
setScrollbar,set,True,VERB,3
setScrollbar,Scrollbar,False,NOUN,9
resetScrollbar,reset,True,VERB,5
resetScrollbar,Scrollbar,False,NOUN,9
Dropdown,Drop,True,VERB,4
Dropdown,down,True,ADV,4
toggle,toggle,True,NOUN,6
open,open,True,VERB,4
complete,complete,True,ADJ,8
close,close,True,VERB,5
enable,enable,True,VERB,6
disable,disable,True,ADJ,7
checkDimensions,check,True,VERB,5
checkDimensions,Dimensions,True,NOUN,10
clear,clear,True,ADJ,5
events,events,True,NOUN,6
onMSPointerDown,on,True,ADP,2
onMSPointerDown,MS,True,PROPN,2
onMSPointerDown,Pointer,True,NOUN,7
onMSPointerDown,Down,True,ADV,4
onMSGestureChange,on,True,ADP,2
onMSGestureChange,MS,True,PROPN,2
onMSGestureChange,Gesture,True,VERB,7
onMSGestureChange,Change,True,VERB,6
onMSGestureEnd,on,True,ADP,2
onMSGestureEnd,MS,True,PROPN,2
onMSGestureEnd,Gesture,True,VERB,7
onMSGestureEnd,End,True,NOUN,3
flexAnimate,flex,True,ADJ,4
flexAnimate,Animate,True,VERB,7
wrapup,wrap,True,VERB,4
wrapup,up,True,ADV,2
animateSlides,animate,True,VERB,7
animateSlides,Slides,True,NOUN,6
pause,pause,True,VERB,5
play,play,True,VERB,4
stop,stop,True,VERB,4
canAdvance,can,True,AUX,3
canAdvance,Advance,True,VERB,7
getTarget,get,True,VERB,3
getTarget,Target,True,VERB,6
setProps,set,True,VERB,3
setProps,Props,True,NOUN,5
setup,setup,True,NOUN,5
doMath,do,True,VERB,2
doMath,Math,True,NOUN,4
update,update,True,VERB,6
addSlide,add,True,VERB,3
addSlide,Slide,True,VERB,5
removeSlide,remove,True,VERB,6
removeSlide,Slide,True,VERB,5
flexslider,flex,True,ADJ,4
flexslider,slider,True,NOUN,6
flexslider,flex,True,ADJ,4
flexslider,slider,True,NOUN,6
before,before,True,ADP,6
after,after,True,ADP,5
setTimeout,set,True,VERB,3
setTimeout,Timeout,True,NOUN,7
setInterval,set,True,VERB,3
setInterval,Interval,True,NOUN,8
clearInterval,clear,True,ADJ,5
clearInterval,Interval,True,NOUN,8
Timeout,Timeout,True,NOUN,7
ref,ref,True,PROPN,3
close,close,True,VERB,5
enroll,enroll,True,VERB,6
unenroll,unenroll,False,VERB,8
onTimeout,on,True,ADP,2
onTimeout,Timeout,True,NOUN,7
active,active,True,ADJ,6
onNextTick,on,True,ADP,2
onNextTick,Next,True,ADV,4
onNextTick,Tick,True,VERB,4
runTimeout,run,True,VERB,3
runTimeout,Timeout,True,NOUN,7
runClearTimeout,run,True,VERB,3
runClearTimeout,Clear,True,ADJ,5
runClearTimeout,Timeout,True,NOUN,7
cleanUpNextTick,clean,True,VERB,5
cleanUpNextTick,Up,True,ADV,2
cleanUpNextTick,Next,True,ADV,4
cleanUpNextTick,Tick,True,VERB,4
drainQueue,drain,True,VERB,5
drainQueue,Queue,True,NOUN,5
nextTick,next,True,ADV,4
nextTick,Tick,True,VERB,4
Item,Item,True,NOUN,4
run,run,True,VERB,3
noop,noop,False,NOUN,4
binding,binding,True,VERB,7
cwd,cwd,False,VERB,3
chdir,ch,True,NOUN,2
chdir,dir,True,PROPN,3
umask,u,True,NOUN,1
umask,mask,True,NOUN,4
_prefixStyle,prefix,True,VERB,6
_prefixStyle,Style,True,NOUN,5
getTime,get,True,VERB,3
getTime,Time,True,NOUN,4
extend,extend,True,VERB,6
addEvent,add,True,VERB,3
addEvent,Event,True,NOUN,5
removeEvent,remove,True,VERB,6
removeEvent,Event,True,NOUN,5
prefixPointerEvent,prefix,True,VERB,6
prefixPointerEvent,Pointer,True,NOUN,7
prefixPointerEvent,Event,True,NOUN,5
momentum,momentum,True,NOUN,8
hasClass,has,True,VERB,3
hasClass,Class,True,NOUN,5
addClass,add,True,VERB,3
addClass,Class,True,NOUN,5
removeClass,remove,True,VERB,6
removeClass,Class,True,NOUN,5
offset,offset,True,VERB,6
preventDefaultException,prevent,True,VERB,7
preventDefaultException,Default,True,NOUN,7
preventDefaultException,Exception,True,NOUN,9
tap,tap,True,VERB,3
click,click,True,VERB,5
IScroll,I,True,PRON,1
IScroll,Scroll,True,PROPN,6
step,step,True,NOUN,4
Modal,Modal,True,ADJ,5
toggle,toggle,True,NOUN,6
complete,complete,True,ADJ,8
open,open,True,VERB,4
complete,complete,True,ADJ,8
close,close,True,VERB,5
getData,get,True,VERB,3
getData,Data,True,NOUN,4
events,events,True,NOUN,6
Plugin,Plugin,True,VERB,6
OffCanvas,Off,True,ADP,3
OffCanvas,Canvas,True,NOUN,6
open,open,True,VERB,4
complete,complete,True,ADJ,8
close,close,True,VERB,5
bindEvents,bind,True,VERB,4
bindEvents,Events,True,NOUN,6
Plugin,Plugin,True,VERB,6
PinchZoom,Pinch,True,VERB,5
PinchZoom,Zoom,True,VERB,4
sum,sum,True,VERB,3
isCloseTo,is,True,AUX,2
isCloseTo,Close,True,VERB,5
isCloseTo,To,True,PART,2
setInteraction,set,True,VERB,3
setInteraction,Interaction,True,NOUN,11
updateInteraction,update,True,VERB,6
updateInteraction,Interaction,True,NOUN,11
targetTouches,target,True,VERB,6
targetTouches,Touches,True,NOUN,7
getDistance,get,True,VERB,3
getDistance,Distance,True,NOUN,8
calculateScale,calculate,True,VERB,9
calculateScale,Scale,True,NOUN,5
cancelEvent,cancel,True,VERB,6
cancelEvent,Event,True,NOUN,5
detectDoubleTap,detect,True,VERB,6
detectDoubleTap,Double,True,ADJ,6
detectDoubleTap,Tap,True,NOUN,3
detectGestures,detect,True,VERB,6
detectGestures,Gestures,True,NOUN,8
definePinchZoom,define,True,VERB,6
definePinchZoom,Pinch,True,VERB,5
definePinchZoom,Zoom,True,VERB,4
Popover,Popover,True,NOUN,7
sizePopover,size,True,NOUN,4
sizePopover,Popover,True,NOUN,7
init,init,True,PROPN,4
sizePopover,size,True,NOUN,4
sizePopover,Popover,True,NOUN,7
sizePopover,size,True,NOUN,4
sizePopover,Popover,True,NOUN,7
toggle,toggle,True,NOUN,6
open,open,True,VERB,4
close,close,True,VERB,5
getPopover,get,True,VERB,3
getPopover,Popover,True,NOUN,7
setContent,set,True,VERB,3
setContent,Content,True,NOUN,7
_bindEvents,bind,True,VERB,4
_bindEvents,Events,True,NOUN,6
destroy,destroy,True,VERB,7
configure,configure,True,NOUN,9
set,set,True,VERB,3
isStarted,is,True,AUX,2
isStarted,Started,True,VERB,7
work,work,True,NOUN,4
start,start,True,VERB,5
done,done,True,VERB,4
inc,inc,True,PROPN,3
trickle,trickle,True,VERB,7
promise,promise,True,VERB,7
render,render,True,VERB,6
remove,remove,True,VERB,6
isRendered,is,True,AUX,2
isRendered,Rendered,True,VERB,8
getPositioningCSS,get,True,VERB,3
getPositioningCSS,Positioning,True,VERB,11
getPositioningCSS,CSS,False,NOUN,3
clamp,clamp,True,VERB,5
toBarPerc,to,True,PART,2
toBarPerc,Bar,True,VERB,3
toBarPerc,Perc,False,NOUN,4
barPositionCSS,bar,True,NOUN,3
barPositionCSS,Position,True,NOUN,8
barPositionCSS,CSS,False,NOUN,3
next,next,True,ADV,4
camelCase,camel,True,NOUN,5
camelCase,Case,True,NOUN,4
getVendorProp,get,True,VERB,3
getVendorProp,Vendor,True,PROPN,6
getVendorProp,Prop,True,PROPN,4
getStyleProp,get,True,VERB,3
getStyleProp,Style,True,NOUN,5
getStyleProp,Prop,True,PROPN,4
applyCss,apply,True,VERB,5
applyCss,Css,False,INTJ,3
hasClass,has,True,VERB,3
hasClass,Class,True,NOUN,5
addClass,add,True,VERB,3
addClass,Class,True,NOUN,5
removeClass,remove,True,VERB,6
removeClass,Class,True,NOUN,5
classList,class,True,NOUN,5
classList,List,True,NOUN,4
removeElement,remove,True,VERB,6
removeElement,Element,True,NOUN,7
PureView,Pure,True,VERB,4
PureView,View,True,NOUN,4
init,init,True,PROPN,4
refreshSlides,refresh,True,VERB,7
refreshSlides,Slides,True,NOUN,6
loadImage,load,True,NOUN,4
loadImage,Image,True,NOUN,5
activate,activate,True,VERB,8
nextSlide,next,True,ADV,4
nextSlide,Slide,True,VERB,5
prevSlide,prev,False,NOUN,4
prevSlide,Slide,True,VERB,5
toggleToolBar,toggle,True,NOUN,6
toggleToolBar,Tool,True,NOUN,4
toggleToolBar,Bar,True,VERB,3
open,open,True,VERB,4
resetBody,reset,True,VERB,5
resetBody,Body,True,NOUN,4
close,close,True,VERB,5
checkScrollbar,check,True,VERB,5
checkScrollbar,Scrollbar,False,NOUN,9
setScrollbar,set,True,VERB,3
setScrollbar,Scrollbar,False,NOUN,9
resetScrollbar,reset,True,VERB,5
resetScrollbar,Scrollbar,False,NOUN,9
ScrollSpy,Scroll,True,PROPN,6
ScrollSpy,Spy,True,NOUN,3
checkView,check,True,VERB,5
checkView,View,True,NOUN,4
check,check,True,VERB,5
ScrollSpyNav,Scroll,True,PROPN,6
ScrollSpyNav,Spy,True,NOUN,3
ScrollSpyNav,Nav,True,NOUN,3
process,process,True,NOUN,7
scrollProcess,scroll,True,NOUN,6
scrollProcess,Process,True,NOUN,7
cancelScroll,cancel,True,VERB,6
cancelScroll,Scroll,True,PROPN,6
smooth,smooth,True,ADJ,6
abort,abort,True,ADJ,5
render,render,True,VERB,6
SmoothScroll,Smooth,True,ADJ,6
SmoothScroll,Scroll,True,PROPN,6
smoothScroll,smooth,True,ADJ,6
smoothScroll,Scroll,True,PROPN,6
containsNC,contains,True,VERB,8
containsNC,NC,True,PROPN,2
Selected,Selected,True,VERB,8
init,init,True,PROPN,4
pushOption,push,True,VERB,4
pushOption,Option,True,NOUN,6
renderOptions,render,True,VERB,6
renderOptions,Options,True,NOUN,7
setChecked,set,True,VERB,3
setChecked,Checked,True,VERB,7
syncData,sync,True,NOUN,4
syncData,Data,True,NOUN,4
bindEvents,bind,True,VERB,4
bindEvents,Events,True,NOUN,6
select,select,True,ADJ,6
enable,enable,True,VERB,6
disable,disable,True,ADJ,7
destroy,destroy,True,VERB,7
Share,Share,True,NOUN,5
render,render,True,VERB,6
init,init,True,PROPN,4
open,open,True,VERB,4
close,close,True,VERB,5
toggle,toggle,True,NOUN,6
setData,set,True,VERB,3
setData,Data,True,NOUN,4
shareTo,share,True,NOUN,5
shareTo,To,True,PART,2
wechatQr,wechat,False,PRON,6
wechatQr,Qr,True,NOUN,2
QRCode,QR,True,PROPN,2
QRCode,Code,True,NOUN,4
createDefault,create,True,VERB,6
createDefault,Default,True,NOUN,7
createCanvas,create,True,VERB,6
createCanvas,Canvas,True,NOUN,6
createTable,create,True,VERB,6
createTable,Table,True,NOUN,5
createSVG,create,True,VERB,6
createSVG,SVG,False,PROPN,3
unicodeFormat8,unicode,False,ADJ,7
unicodeFormat8,Format,True,PROPN,6
unicodeFormat8,8,True,NUM,1
getUTF8Bytes,get,True,VERB,3
getUTF8Bytes,UTF8,False,VERB,4
getUTF8Bytes,Bytes,True,NOUN,5
QRCodeAlg,QR,True,PROPN,2
QRCodeAlg,Code,True,NOUN,4
QRCodeAlg,Alg,True,VERB,3
QRPolynomial,QR,True,PROPN,2
QRPolynomial,Polynomial,True,ADJ,10
getRightType,get,True,VERB,3
getRightType,Right,True,INTJ,5
getRightType,Type,True,NOUN,4
QRBitBuffer,QR,True,PROPN,2
QRBitBuffer,Bit,True,NOUN,3
QRBitBuffer,Buffer,True,PROPN,6
unicodeFormat8,unicode,False,ADJ,7
unicodeFormat8,Format,True,PROPN,6
unicodeFormat8,8,True,NUM,1
getUTF8Bytes,get,True,VERB,3
getUTF8Bytes,UTF8,False,VERB,4
getUTF8Bytes,Bytes,True,NOUN,5
QRCodeAlg,QR,True,PROPN,2
QRCodeAlg,Code,True,NOUN,4
QRCodeAlg,Alg,True,VERB,3
QRPolynomial,QR,True,PROPN,2
QRPolynomial,Polynomial,True,ADJ,10
getRightType,get,True,VERB,3
getRightType,Right,True,INTJ,5
getRightType,Type,True,NOUN,4
QRBitBuffer,QR,True,PROPN,2
QRBitBuffer,Bit,True,NOUN,3
QRBitBuffer,Buffer,True,PROPN,6
QRCodePlugin,QR,True,PROPN,2
QRCodePlugin,Code,True,NOUN,4
QRCodePlugin,Plugin,True,VERB,6
QRCodePlugin,QR,True,PROPN,2
QRCodePlugin,Code,True,NOUN,4
QRCodePlugin,Plugin,True,VERB,6
Sticky,Sticky,True,ADJ,6
init,init,True,PROPN,4
reset,reset,True,VERB,5
check,check,True,VERB,5
checkPosition,check,True,VERB,5
checkPosition,Position,True,NOUN,8
Tabs,Tabs,True,NOUN,4
refresh,refresh,True,VERB,7
init,init,True,PROPN,4
open,open,True,VERB,4
complete,complete,True,ADJ,8
activate,activate,True,VERB,8
goTo,go,True,VERB,2
goTo,To,True,PART,2
destroy,destroy,True,VERB,7
Plugin,Plugin,True,VERB,6
UCheck,U,True,NOUN,1
UCheck,Check,True,VERB,5
init,init,True,PROPN,4
check,check,True,VERB,5
uncheck,uncheck,False,VERB,7
toggle,toggle,True,NOUN,6
disable,disable,True,ADJ,7
enable,enable,True,VERB,6
destroy,destroy,True,VERB,7
Validator,Validator,False,NOUN,9
regexToPattern,regex,True,NOUN,5
regexToPattern,To,True,PART,2
regexToPattern,Pattern,True,NOUN,7
validate,validate,True,VERB,8
bindEvents,bind,True,VERB,4
bindEvents,Events,True,NOUN,6
init,init,True,PROPN,4
isValid,is,True,AUX,2
isValid,Valid,True,ADJ,5
validateComplete,validate,True,VERB,8
validateComplete,Complete,True,VERB,8
validate,validate,True,VERB,8
markField,mark,True,NOUN,4
markField,Field,True,NOUN,5
validateForm,validate,True,VERB,8
validateForm,Form,True,VERB,4
triggerValid,trigger,True,NOUN,7
triggerValid,Valid,True,ADJ,5
isFormValid,is,True,AUX,2
isFormValid,Form,True,VERB,4
isFormValid,Valid,True,ADJ,5
createValidity,create,True,VERB,6
createValidity,Validity,True,NOUN,8
getValidationMessage,get,True,VERB,3
getValidationMessage,Validation,True,NOUN,10
getValidationMessage,Message,True,NOUN,7
removeMark,remove,True,VERB,6
removeMark,Mark,True,PROPN,4
destroy,destroy,True,VERB,7
Geolocation,Geolocation,False,NOUN,11
get,get,True,VERB,3
watch,watch,True,VERB,5
clearWatch,clear,True,ADJ,5
clearWatch,Watch,True,VERB,5
set,set,True,VERB,3
get,get,True,VERB,3
has,has,True,VERB,3
remove,remove,True,VERB,6
clear,clear,True,ADJ,5
transact,transact,True,VERB,8
getAll,get,True,VERB,3
getAll,All,True,PRON,3
forEach,for,True,ADP,3
forEach,Each,True,PRON,4
serialize,serialize,True,VERB,9
deserialize,deserialize,False,NOUN,11
isLocalStorageNameSupported,is,True,AUX,2
isLocalStorageNameSupported,Local,True,ADJ,5
isLocalStorageNameSupported,Storage,True,NOUN,7
isLocalStorageNameSupported,Name,True,NOUN,4
isLocalStorageNameSupported,Supported,True,VERB,9
set,set,True,VERB,3
get,get,True,VERB,3
remove,remove,True,VERB,6
clear,clear,True,ADJ,5
getAll,get,True,VERB,3
getAll,All,True,PRON,3
forEach,for,True,ADP,3
forEach,Each,True,PRON,4
accordionInit,accordion,True,NOUN,9
accordionInit,Init,True,NOUN,4
duoshuoInit,duoshuo,False,NOUN,7
duoshuoInit,Init,True,NOUN,4
isImgZoomAble,is,True,AUX,2
isImgZoomAble,Img,False,PROPN,3
isImgZoomAble,Zoom,True,VERB,4
isImgZoomAble,Able,True,ADJ,4
figureInit,figure,True,NOUN,6
figureInit,Init,True,NOUN,4
footerInit,footer,True,NOUN,6
footerInit,Init,True,NOUN,4
galleryInit,gallery,True,NOUN,7
galleryInit,Init,True,NOUN,4
checkPosition,check,True,VERB,5
checkPosition,Position,True,NOUN,8
goTopInit,go,True,VERB,2
goTopInit,Top,True,ADJ,3
goTopInit,Init,True,NOUN,4
headerInit,header,True,NOUN,6
headerInit,Init,True,NOUN,4
addMapApi,add,True,VERB,3
addMapApi,Map,True,PROPN,3
addMapApi,Api,False,PROPN,3
addBdMap,add,True,VERB,3
addBdMap,Bd,True,PROPN,2
addBdMap,Map,True,PROPN,3
mapInit,map,True,NOUN,3
mapInit,Init,True,NOUN,4
mechatInit,me,True,PRON,2
mechatInit,chat,True,VERB,4
mechatInit,Init,True,NOUN,4
menuInit,menu,True,NOUN,4
menuInit,Init,True,NOUN,4
initActions,init,True,PROPN,4
initActions,Actions,True,NOUN,7
checkNavBarItems,check,True,VERB,5
checkNavBarItems,Nav,True,NOUN,3
checkNavBarItems,Bar,True,VERB,3
checkNavBarItems,Items,True,NOUN,5
calcSuiteItems,calc,False,NOUN,4
calcSuiteItems,Suite,True,PROPN,5
calcSuiteItems,Items,True,NOUN,5
navbarInit,nav,True,NOUN,3
navbarInit,bar,True,NOUN,3
navbarInit,Init,True,NOUN,4
scrollTable,scroll,True,NOUN,6
scrollTable,Table,True,NOUN,5
paragraphInit,paragraph,True,NOUN,9
paragraphInit,Init,True,NOUN,4
sliderInit,slider,True,NOUN,6
sliderInit,Init,True,NOUN,4
tabsInit,tabs,True,NOUN,4
tabsInit,Init,True,NOUN,4
appendWeChatSDK,append,True,VERB,6
appendWeChatSDK,We,True,PRON,2
appendWeChatSDK,Chat,True,VERB,4
appendWeChatSDK,SDK,False,PROPN,3
payHandler,pay,True,VERB,3
payHandler,Handler,True,NOUN,7
e,e,True,X,1
a,a,True,PRON,1
debounce,debounce,False,NOUN,8
isInView,is,True,AUX,2
isInView,In,True,ADP,2
isInView,View,True,NOUN,4
options,options,True,NOUN,7
generateGUID,generate,True,VERB,8
generateGUID,G,True,NOUN,1
generateGUID,UID,False,PROPN,3
t,t,True,NOUN,1
noConflict,no,True,INTJ,2
noConflict,Conflict,True,NOUN,8
plugin,plugin,True,VERB,6
o,o,True,X,1
emulateTransitionEnd,emulate,True,ADJ,7
emulateTransitionEnd,Transition,True,NOUN,10
emulateTransitionEnd,End,True,NOUN,3
redraw,redraw,True,PROPN,6
e,e,True,X,1
transitionEnd,transition,True,NOUN,10
transitionEnd,End,True,NOUN,3
removeClassRegEx,remove,True,VERB,6
removeClassRegEx,Class,True,NOUN,5
removeClassRegEx,Reg,True,NOUN,3
removeClassRegEx,Ex,True,PROPN,2
alterClass,alter,True,VERB,5
alterClass,Class,True,NOUN,5
measureScrollbar,measure,True,NOUN,7
measureScrollbar,Scrollbar,False,NOUN,9
i,i,True,PRON,1
n,n,True,CCONJ,1
imageLoader,image,True,NOUN,5
imageLoader,Loader,True,PROPN,6
l,l,True,NOUN,1
template,template,True,NOUN,8
get,get,True,VERB,3
ready,ready,True,ADJ,5
DOMObserve,DOM,True,NOUN,3
DOMObserve,Observe,True,VERB,7
DOMObserve,DOM,True,NOUN,3
DOMObserve,Observe,True,VERB,7
n,n,True,CCONJ,1
s,s,True,NOUN,1
o,o,True,X,1
a,a,True,PRON,1
r,r,True,X,1
l,l,True,NOUN,1
c,c,True,NOUN,1
u,u,True,NOUN,1
h,h,True,NOUN,1
d,d,True,X,1
p,p,True,NOUN,1
m,m,True,VERB,1
f,f,True,X,1
v,v,True,X,1
g,g,True,PROPN,1
y,y,True,PROPN,1
w,w,True,PROPN,1
b,b,True,X,1
T,T,True,NOUN,1
domHandler,dom,True,NOUN,3
domHandler,Handler,True,NOUN,7
x,x,True,VERB,1
C,C,True,NOUN,1
E,E,True,NOUN,1
S,S,True,NOUN,1
k,k,True,NOUN,1
D,D,True,PROPN,1
F,F,True,NOUN,1
A,A,True,PRON,1
M,M,True,NOUN,1
P,P,True,NOUN,1
N,N,True,NOUN,1
I,I,True,PRON,1
O,O,True,INTJ,1
L,L,True,NOUN,1
z,z,True,X,1
R,R,True,VERB,1
q,q,True,X,1
W,W,True,NOUN,1
H,H,True,NOUN,1
B,B,True,NOUN,1
s,s,True,NOUN,1
U,U,True,NOUN,1
V,V,True,NOUN,1
X,X,True,NOUN,1
Y,Y,True,NOUN,1
j,j,True,NOUN,1
Z,Z,True,PROPN,1
G,G,True,NOUN,1
K,K,True,NOUN,1
J,J,True,PROPN,1
Q,Q,True,VERB,1
tt,tt,False,NOUN,2
et,et,True,VERB,2
it,it,True,PRON,2
nt,nt,False,PART,2
st,st,True,PROPN,2
ot,ot,False,VERB,2
at,at,True,ADP,2
rt,rt,True,PROPN,2
lt,lt,False,PROPN,2
ct,ct,True,ADV,2
e,e,True,X,1
preventDefault,prevent,True,VERB,7
preventDefault,Default,True,NOUN,7
i,i,True,PRON,1
hammer,hammer,True,NOUN,6
n,n,True,CCONJ,1
s,s,True,NOUN,1
o,o,True,X,1
a,a,True,PRON,1
removeSession,remove,True,VERB,6
removeSession,Session,True,NOUN,7
doLog,do,True,VERB,2
doLog,Log,True,VERB,3
Class,Class,True,NOUN,5
o,o,True,X,1
t,t,True,NOUN,1
close,close,True,VERB,5
o,o,True,X,1
setState,set,True,VERB,3
setState,State,True,NOUN,5
toggle,toggle,True,NOUN,6
n,n,True,CCONJ,1
a,a,True,PRON,1
a,a,True,PRON,1
open,open,True,VERB,4
e,e,True,X,1
close,close,True,VERB,5
toggle,toggle,True,NOUN,6
a,a,True,PRON,1
open,open,True,VERB,4
close,close,True,VERB,5
set,set,True,VERB,3
setValue,set,True,VERB,3
setValue,Value,True,NOUN,5
place,place,True,NOUN,5
update,update,True,VERB,6
fillDow,fill,True,VERB,4
fillDow,Dow,True,PROPN,3
fillMonths,fill,True,VERB,4
fillMonths,Months,True,NOUN,6
fill,fill,True,VERB,4
click,click,True,VERB,5
mousedown,mouse,True,VERB,5
mousedown,down,True,ADV,4
showMode,show,True,VERB,4
showMode,Mode,True,NOUN,4
isOutView,is,True,AUX,2
isOutView,Out,True,ADV,3
isOutView,View,True,NOUN,4
getLocale,get,True,VERB,3
getLocale,Locale,True,NOUN,6
setTheme,set,True,VERB,3
setTheme,Theme,True,NOUN,5
r,r,True,X,1
init,init,True,PROPN,4
open,open,True,VERB,4
i,i,True,PRON,1
close,close,True,VERB,5
checkScrollbar,check,True,VERB,5
checkScrollbar,Scrollbar,False,NOUN,9
setScrollbar,set,True,VERB,3
setScrollbar,Scrollbar,False,NOUN,9
resetScrollbar,reset,True,VERB,5
resetScrollbar,Scrollbar,False,NOUN,9
a,a,True,PRON,1
toggle,toggle,True,NOUN,6
open,open,True,VERB,4
close,close,True,VERB,5
enable,enable,True,VERB,6
disable,disable,True,ADJ,7
checkDimensions,check,True,VERB,5
checkDimensions,Dimensions,True,NOUN,10
clear,clear,True,ADJ,5
events,events,True,NOUN,6
i,i,True,PRON,1
n,n,True,CCONJ,1
o,o,True,X,1
flexAnimate,flex,True,ADJ,4
flexAnimate,Animate,True,VERB,7
wrapup,wrap,True,VERB,4
wrapup,up,True,ADV,2
animateSlides,animate,True,VERB,7
animateSlides,Slides,True,NOUN,6
pause,pause,True,VERB,5
play,play,True,VERB,4
stop,stop,True,VERB,4
canAdvance,can,True,AUX,3
canAdvance,Advance,True,VERB,7
getTarget,get,True,VERB,3
getTarget,Target,True,VERB,6
setProps,set,True,VERB,3
setProps,Props,True,NOUN,5
setup,setup,True,NOUN,5
doMath,do,True,VERB,2
doMath,Math,True,NOUN,4
update,update,True,VERB,6
addSlide,add,True,VERB,3
addSlide,Slide,True,VERB,5
removeSlide,remove,True,VERB,6
removeSlide,Slide,True,VERB,5
flexslider,flex,True,ADJ,4
flexslider,slider,True,NOUN,6
flexslider,flex,True,ADJ,4
flexslider,slider,True,NOUN,6
before,before,True,ADP,6
after,after,True,ADP,5
s,s,True,NOUN,1
setTimeout,set,True,VERB,3
setTimeout,Timeout,True,NOUN,7
setInterval,set,True,VERB,3
setInterval,Interval,True,NOUN,8
clearInterval,clear,True,ADJ,5
clearInterval,Interval,True,NOUN,8
ref,ref,True,PROPN,3
close,close,True,VERB,5
enroll,enroll,True,VERB,6
unenroll,unenroll,False,VERB,8
active,active,True,ADJ,6
i,i,True,PRON,1
n,n,True,CCONJ,1
s,s,True,NOUN,1
o,o,True,X,1
a,a,True,PRON,1
r,r,True,X,1
nextTick,next,True,ADV,4
nextTick,Tick,True,VERB,4
run,run,True,VERB,3
binding,binding,True,VERB,7
cwd,cwd,False,VERB,3
chdir,ch,True,NOUN,2
chdir,dir,True,PROPN,3
umask,u,True,NOUN,1
umask,mask,True,NOUN,4
n,n,True,CCONJ,1
t,t,True,NOUN,1
extend,extend,True,VERB,6
addEvent,add,True,VERB,3
addEvent,Event,True,NOUN,5
removeEvent,remove,True,VERB,6
removeEvent,Event,True,NOUN,5
prefixPointerEvent,prefix,True,VERB,6
prefixPointerEvent,Pointer,True,NOUN,7
prefixPointerEvent,Event,True,NOUN,5
momentum,momentum,True,NOUN,8
hasClass,has,True,VERB,3
hasClass,Class,True,NOUN,5
addClass,add,True,VERB,3
addClass,Class,True,NOUN,5
removeClass,remove,True,VERB,6
removeClass,Class,True,NOUN,5
offset,offset,True,VERB,6
preventDefaultException,prevent,True,VERB,7
preventDefaultException,Default,True,NOUN,7
preventDefaultException,Exception,True,NOUN,9
tap,tap,True,VERB,3
click,click,True,VERB,5
s,s,True,NOUN,1
n,n,True,CCONJ,1
c,c,True,NOUN,1
toggle,toggle,True,NOUN,6
c,c,True,NOUN,1
open,open,True,VERB,4
o,o,True,X,1
close,close,True,VERB,5
l,l,True,NOUN,1
events,events,True,NOUN,6
n,n,True,CCONJ,1
c,c,True,NOUN,1
open,open,True,VERB,4
e,e,True,X,1
close,close,True,VERB,5
bindEvents,bind,True,VERB,4
bindEvents,Events,True,NOUN,6
e,e,True,X,1
i,i,True,PRON,1
n,n,True,CCONJ,1
a,a,True,PRON,1
r,r,True,X,1
l,l,True,NOUN,1
c,c,True,NOUN,1
u,u,True,NOUN,1
h,h,True,NOUN,1
d,d,True,X,1
s,s,True,NOUN,1
a,a,True,PRON,1
a,a,True,PRON,1
t,t,True,NOUN,1
init,init,True,PROPN,4
sizePopover,size,True,NOUN,4
sizePopover,Popover,True,NOUN,7
toggle,toggle,True,NOUN,6
open,open,True,VERB,4
close,close,True,VERB,5
getPopover,get,True,VERB,3
getPopover,Popover,True,NOUN,7
setContent,set,True,VERB,3
setContent,Content,True,NOUN,7
_bindEvents,bind,True,VERB,4
_bindEvents,Events,True,NOUN,6
destroy,destroy,True,VERB,7
t,t,True,NOUN,1
e,e,True,X,1
i,i,True,PRON,1
n,n,True,CCONJ,1
s,s,True,NOUN,1
o,o,True,X,1
a,a,True,PRON,1
r,r,True,X,1
configure,configure,True,NOUN,9
set,set,True,VERB,3
isStarted,is,True,AUX,2
isStarted,Started,True,VERB,7
t,t,True,NOUN,1
start,start,True,VERB,5
done,done,True,VERB,4
inc,inc,True,PROPN,3
trickle,trickle,True,VERB,7
promise,promise,True,VERB,7
render,render,True,VERB,6
remove,remove,True,VERB,6
isRendered,is,True,AUX,2
isRendered,Rendered,True,VERB,8
getPositioningCSS,get,True,VERB,3
getPositioningCSS,Positioning,True,VERB,11
getPositioningCSS,CSS,False,NOUN,3
t,t,True,NOUN,1
t,t,True,NOUN,1
e,e,True,X,1
i,i,True,PRON,1
n,n,True,CCONJ,1
c,c,True,NOUN,1
init,init,True,PROPN,4
refreshSlides,refresh,True,VERB,7
refreshSlides,Slides,True,NOUN,6
loadImage,load,True,NOUN,4
loadImage,Image,True,NOUN,5
activate,activate,True,VERB,8
nextSlide,next,True,ADV,4
nextSlide,Slide,True,VERB,5
prevSlide,prev,False,NOUN,4
prevSlide,Slide,True,VERB,5
toggleToolBar,toggle,True,NOUN,6
toggleToolBar,Tool,True,NOUN,4
toggleToolBar,Bar,True,VERB,3
open,open,True,VERB,4
t,t,True,NOUN,1
close,close,True,VERB,5
checkScrollbar,check,True,VERB,5
checkScrollbar,Scrollbar,False,NOUN,9
setScrollbar,set,True,VERB,3
setScrollbar,Scrollbar,False,NOUN,9
resetScrollbar,reset,True,VERB,5
resetScrollbar,Scrollbar,False,NOUN,9
o,o,True,X,1
checkView,check,True,VERB,5
checkView,View,True,NOUN,4
check,check,True,VERB,5
o,o,True,X,1
process,process,True,NOUN,7
scrollProcess,scroll,True,NOUN,6
scrollProcess,Process,True,NOUN,7
i,i,True,PRON,1
s,s,True,NOUN,1
c,c,True,NOUN,1
w,w,True,PROPN,1
l,l,True,NOUN,1
smoothScroll,smooth,True,ADJ,6
smoothScroll,Scroll,True,PROPN,6
containsNC,contains,True,VERB,8
containsNC,NC,True,PROPN,2
o,o,True,X,1
init,init,True,PROPN,4
t,t,True,NOUN,1
renderOptions,render,True,VERB,6
renderOptions,Options,True,NOUN,7
setChecked,set,True,VERB,3
setChecked,Checked,True,VERB,7
syncData,sync,True,NOUN,4
syncData,Data,True,NOUN,4
bindEvents,bind,True,VERB,4
bindEvents,Events,True,NOUN,6
select,select,True,ADJ,6
enable,enable,True,VERB,6
disable,disable,True,ADJ,7
destroy,destroy,True,VERB,7
l,l,True,NOUN,1
render,render,True,VERB,6
init,init,True,PROPN,4
open,open,True,VERB,4
close,close,True,VERB,5
toggle,toggle,True,NOUN,6
setData,set,True,VERB,3
setData,Data,True,NOUN,4
shareTo,share,True,NOUN,5
shareTo,To,True,PART,2
wechatQr,wechat,False,PRON,6
wechatQr,Qr,True,NOUN,2
n,n,True,CCONJ,1
s,s,True,NOUN,1
o,o,True,X,1
a,a,True,PRON,1
r,r,True,X,1
n,n,True,CCONJ,1
s,s,True,NOUN,1
o,o,True,X,1
a,a,True,PRON,1
r,r,True,X,1
d,d,True,X,1
createDefault,create,True,VERB,6
createDefault,Default,True,NOUN,7
createCanvas,create,True,VERB,6
createCanvas,Canvas,True,NOUN,6
createTable,create,True,VERB,6
createTable,Table,True,NOUN,5
createSVG,create,True,VERB,6
createSVG,SVG,False,PROPN,3
getRightType,get,True,VERB,3
getRightType,Right,True,INTJ,5
getRightType,Type,True,NOUN,4
getRightType,get,True,VERB,3
getRightType,Right,True,INTJ,5
getRightType,Type,True,NOUN,4
qrcode,qr,True,INTJ,2
qrcode,code,True,NOUN,4
o,o,True,X,1
init,init,True,PROPN,4
reset,reset,True,VERB,5
check,check,True,VERB,5
checkPosition,check,True,VERB,5
checkPosition,Position,True,NOUN,8
n,n,True,CCONJ,1
c,c,True,NOUN,1
refresh,refresh,True,VERB,7
init,init,True,PROPN,4
open,open,True,VERB,4
activate,activate,True,VERB,8
goTo,go,True,VERB,2
goTo,To,True,PART,2
destroy,destroy,True,VERB,7
o,o,True,X,1
init,init,True,PROPN,4
check,check,True,VERB,5
uncheck,uncheck,False,VERB,7
toggle,toggle,True,NOUN,6
disable,disable,True,ADJ,7
enable,enable,True,VERB,6
destroy,destroy,True,VERB,7
o,o,True,X,1
t,t,True,NOUN,1
l,l,True,NOUN,1
e,e,True,X,1
init,init,True,PROPN,4
isValid,is,True,AUX,2
isValid,Valid,True,ADJ,5
T,T,True,NOUN,1
validate,validate,True,VERB,8
markField,mark,True,NOUN,4
markField,Field,True,NOUN,5
validateForm,validate,True,VERB,8
validateForm,Form,True,VERB,4
i,i,True,PRON,1
isFormValid,is,True,AUX,2
isFormValid,Form,True,VERB,4
isFormValid,Valid,True,ADJ,5
createValidity,create,True,VERB,6
createValidity,Validity,True,NOUN,8
getValidationMessage,get,True,VERB,3
getValidationMessage,Validation,True,NOUN,10
getValidationMessage,Message,True,NOUN,7
removeMark,remove,True,VERB,6
removeMark,Mark,True,PROPN,4
destroy,destroy,True,VERB,7
a,a,True,PRON,1
get,get,True,VERB,3
watch,watch,True,VERB,5
clearWatch,clear,True,ADJ,5
clearWatch,Watch,True,VERB,5
n,n,True,CCONJ,1
set,set,True,VERB,3
get,get,True,VERB,3
has,has,True,VERB,3
remove,remove,True,VERB,6
clear,clear,True,ADJ,5
transact,transact,True,VERB,8
getAll,get,True,VERB,3
getAll,All,True,PRON,3
forEach,for,True,ADP,3
forEach,Each,True,PRON,4
serialize,serialize,True,VERB,9
deserialize,deserialize,False,NOUN,11
set,set,True,VERB,3
get,get,True,VERB,3
remove,remove,True,VERB,6
clear,clear,True,ADJ,5
getAll,get,True,VERB,3
getAll,All,True,PRON,3
forEach,for,True,ADP,3
forEach,Each,True,PRON,4
n,n,True,CCONJ,1
n,n,True,CCONJ,1
n,n,True,CCONJ,1
isImgZoomAble,is,True,AUX,2
isImgZoomAble,Img,False,PROPN,3
isImgZoomAble,Zoom,True,VERB,4
isImgZoomAble,Able,True,ADJ,4
n,n,True,CCONJ,1
n,n,True,CCONJ,1
t,t,True,NOUN,1
n,n,True,CCONJ,1
n,n,True,CCONJ,1
n,n,True,CCONJ,1
s,s,True,NOUN,1
r,r,True,X,1
n,n,True,CCONJ,1
a,a,True,PRON,1
t,t,True,NOUN,1
e,e,True,X,1
i,i,True,PRON,1
n,n,True,CCONJ,1
n,n,True,CCONJ,1
scrollTable,scroll,True,NOUN,6
scrollTable,Table,True,NOUN,5
n,n,True,CCONJ,1
n,n,True,CCONJ,1
n,n,True,CCONJ,1
registerIfCondHelper,register,True,VERB,8
registerIfCondHelper,If,True,SCONJ,2
registerIfCondHelper,Cond,False,NOUN,4
registerIfCondHelper,Helper,True,NOUN,6
registerAMUIPartials,register,True,VERB,8
registerAMUIPartials,AMUI,False,PROPN,4
registerAMUIPartials,Partials,True,NOUN,8
n,n,True,CCONJ,1
n,n,True,CCONJ,1
getStyleDep,get,True,VERB,3
getStyleDep,Style,True,NOUN,5
getStyleDep,Dep,True,NOUN,3
preparingData,preparing,True,VERB,9
preparingData,Data,True,NOUN,4
later,later,True,ADV,5
debounce,debounce,False,NOUN,8
isInView,is,True,AUX,2
isInView,In,True,ADP,2
isInView,View,True,NOUN,4
options,options,True,NOUN,7
generateGUID,generate,True,VERB,8
generateGUID,G,True,NOUN,1
generateGUID,UID,False,PROPN,3
name,name,True,NOUN,4
noConflict,no,True,INTJ,2
noConflict,Conflict,True,NOUN,8
UIPlugin,UI,False,NOUN,2
UIPlugin,Plugin,True,VERB,6
UIPlugin,UI,False,NOUN,2
UIPlugin,Plugin,True,VERB,6
callback,callback,True,NOUN,8
emulateTransitionEnd,emulate,True,ADJ,7
emulateTransitionEnd,Transition,True,NOUN,10
emulateTransitionEnd,End,True,NOUN,3
redraw,redraw,True,PROPN,6
fireCallBack,fire,True,NOUN,4
fireCallBack,Call,True,VERB,4
fireCallBack,Back,True,ADV,4
transitionEnd,transition,True,NOUN,10
transitionEnd,End,True,NOUN,3
removeClassRegEx,remove,True,VERB,6
removeClassRegEx,Class,True,NOUN,5
removeClassRegEx,Reg,True,NOUN,3
removeClassRegEx,Ex,True,PROPN,2
alterClass,alter,True,VERB,5
alterClass,Class,True,NOUN,5
measureScrollbar,measure,True,NOUN,7
measureScrollbar,Scrollbar,False,NOUN,9
loaded,loaded,True,VERB,6
bindLoad,bind,True,VERB,4
bindLoad,Load,True,NOUN,4
imageLoader,image,True,NOUN,5
imageLoader,Loader,True,PROPN,6
escapeHTML,escape,True,VERB,6
escapeHTML,HTML,True,NOUN,4
template,template,True,NOUN,8
get,get,True,VERB,3
ready,ready,True,ADJ,5
DOMObserve,DOM,True,NOUN,3
DOMObserve,Observe,True,VERB,7
DOMObserve,DOM,True,NOUN,3
DOMObserve,Observe,True,VERB,7
loaded,loaded,True,VERB,6
ath,ath,False,PROPN,3
removeSession,remove,True,VERB,6
removeSession,Session,True,NOUN,7
doLog,do,True,VERB,2
doLog,Log,True,VERB,3
Class,Class,True,NOUN,5
_extend,extend,True,VERB,6
_removeToken,remove,True,VERB,6
_removeToken,Token,True,PROPN,5
Alert,Alert,True,NOUN,5
processAlert,process,True,NOUN,7
processAlert,Alert,True,NOUN,5
close,close,True,VERB,5
Button,Button,True,PROPN,6
setState,set,True,VERB,3
setState,State,True,NOUN,5
toggle,toggle,True,NOUN,6
Collapse,Collapse,True,VERB,8
complete,complete,True,ADJ,8
open,open,True,VERB,4
complete,complete,True,ADJ,8
close,close,True,VERB,5
toggle,toggle,True,NOUN,6
Plugin,Plugin,True,VERB,6
Datepicker,Date,True,NOUN,4
Datepicker,picker,True,NOUN,6
open,open,True,VERB,4
close,close,True,VERB,5
set,set,True,VERB,3
setValue,set,True,VERB,3
setValue,Value,True,NOUN,5
place,place,True,NOUN,5
update,update,True,VERB,6
fillDow,fill,True,VERB,4
fillDow,Dow,True,PROPN,3
fillMonths,fill,True,VERB,4
fillMonths,Months,True,NOUN,6
fill,fill,True,VERB,4
click,click,True,VERB,5
mousedown,mouse,True,VERB,5
mousedown,down,True,ADV,4
showMode,show,True,VERB,4
showMode,Mode,True,NOUN,4
isOutView,is,True,AUX,2
isOutView,Out,True,ADV,3
isOutView,View,True,NOUN,4
getLocale,get,True,VERB,3
getLocale,Locale,True,NOUN,6
setTheme,set,True,VERB,3
setTheme,Theme,True,NOUN,5
Dimmer,Dimmer,True,NOUN,6
init,init,True,PROPN,4
open,open,True,VERB,4
complete,complete,True,ADJ,8
close,close,True,VERB,5
checkScrollbar,check,True,VERB,5
checkScrollbar,Scrollbar,False,NOUN,9
setScrollbar,set,True,VERB,3
setScrollbar,Scrollbar,False,NOUN,9
resetScrollbar,reset,True,VERB,5
resetScrollbar,Scrollbar,False,NOUN,9
Dropdown,Drop,True,VERB,4
Dropdown,down,True,ADV,4
toggle,toggle,True,NOUN,6
open,open,True,VERB,4
complete,complete,True,ADJ,8
close,close,True,VERB,5
enable,enable,True,VERB,6
disable,disable,True,ADJ,7
checkDimensions,check,True,VERB,5
checkDimensions,Dimensions,True,NOUN,10
clear,clear,True,ADJ,5
events,events,True,NOUN,6
onMSPointerDown,on,True,ADP,2
onMSPointerDown,MS,True,PROPN,2
onMSPointerDown,Pointer,True,NOUN,7
onMSPointerDown,Down,True,ADV,4
onMSGestureChange,on,True,ADP,2
onMSGestureChange,MS,True,PROPN,2
onMSGestureChange,Gesture,True,VERB,7
onMSGestureChange,Change,True,VERB,6
onMSGestureEnd,on,True,ADP,2
onMSGestureEnd,MS,True,PROPN,2
onMSGestureEnd,Gesture,True,VERB,7
onMSGestureEnd,End,True,NOUN,3
flexAnimate,flex,True,ADJ,4
flexAnimate,Animate,True,VERB,7
wrapup,wrap,True,VERB,4
wrapup,up,True,ADV,2
animateSlides,animate,True,VERB,7
animateSlides,Slides,True,NOUN,6
pause,pause,True,VERB,5
play,play,True,VERB,4
stop,stop,True,VERB,4
canAdvance,can,True,AUX,3
canAdvance,Advance,True,VERB,7
getTarget,get,True,VERB,3
getTarget,Target,True,VERB,6
setProps,set,True,VERB,3
setProps,Props,True,NOUN,5
setup,setup,True,NOUN,5
doMath,do,True,VERB,2
doMath,Math,True,NOUN,4
update,update,True,VERB,6
addSlide,add,True,VERB,3
addSlide,Slide,True,VERB,5
removeSlide,remove,True,VERB,6
removeSlide,Slide,True,VERB,5
flexslider,flex,True,ADJ,4
flexslider,slider,True,NOUN,6
flexslider,flex,True,ADJ,4
flexslider,slider,True,NOUN,6
before,before,True,ADP,6
after,after,True,ADP,5
_prefixStyle,prefix,True,VERB,6
_prefixStyle,Style,True,NOUN,5
getTime,get,True,VERB,3
getTime,Time,True,NOUN,4
extend,extend,True,VERB,6
addEvent,add,True,VERB,3
addEvent,Event,True,NOUN,5
removeEvent,remove,True,VERB,6
removeEvent,Event,True,NOUN,5
prefixPointerEvent,prefix,True,VERB,6
prefixPointerEvent,Pointer,True,NOUN,7
prefixPointerEvent,Event,True,NOUN,5
momentum,momentum,True,NOUN,8
hasClass,has,True,VERB,3
hasClass,Class,True,NOUN,5
addClass,add,True,VERB,3
addClass,Class,True,NOUN,5
removeClass,remove,True,VERB,6
removeClass,Class,True,NOUN,5
offset,offset,True,VERB,6
preventDefaultException,prevent,True,VERB,7
preventDefaultException,Default,True,NOUN,7
preventDefaultException,Exception,True,NOUN,9
tap,tap,True,VERB,3
click,click,True,VERB,5
IScroll,I,True,PRON,1
IScroll,Scroll,True,PROPN,6
step,step,True,NOUN,4
Modal,Modal,True,ADJ,5
toggle,toggle,True,NOUN,6
complete,complete,True,ADJ,8
open,open,True,VERB,4
complete,complete,True,ADJ,8
close,close,True,VERB,5
getData,get,True,VERB,3
getData,Data,True,NOUN,4
events,events,True,NOUN,6
Plugin,Plugin,True,VERB,6
OffCanvas,Off,True,ADP,3
OffCanvas,Canvas,True,NOUN,6
open,open,True,VERB,4
complete,complete,True,ADJ,8
close,close,True,VERB,5
bindEvents,bind,True,VERB,4
bindEvents,Events,True,NOUN,6
Plugin,Plugin,True,VERB,6
PinchZoom,Pinch,True,VERB,5
PinchZoom,Zoom,True,VERB,4
sum,sum,True,VERB,3
isCloseTo,is,True,AUX,2
isCloseTo,Close,True,VERB,5
isCloseTo,To,True,PART,2
setInteraction,set,True,VERB,3
setInteraction,Interaction,True,NOUN,11
updateInteraction,update,True,VERB,6
updateInteraction,Interaction,True,NOUN,11
targetTouches,target,True,VERB,6
targetTouches,Touches,True,NOUN,7
getDistance,get,True,VERB,3
getDistance,Distance,True,NOUN,8
calculateScale,calculate,True,VERB,9
calculateScale,Scale,True,NOUN,5
cancelEvent,cancel,True,VERB,6
cancelEvent,Event,True,NOUN,5
detectDoubleTap,detect,True,VERB,6
detectDoubleTap,Double,True,ADJ,6
detectDoubleTap,Tap,True,NOUN,3
detectGestures,detect,True,VERB,6
detectGestures,Gestures,True,NOUN,8
definePinchZoom,define,True,VERB,6
definePinchZoom,Pinch,True,VERB,5
definePinchZoom,Zoom,True,VERB,4
Popover,Popover,True,NOUN,7
sizePopover,size,True,NOUN,4
sizePopover,Popover,True,NOUN,7
init,init,True,PROPN,4
sizePopover,size,True,NOUN,4
sizePopover,Popover,True,NOUN,7
sizePopover,size,True,NOUN,4
sizePopover,Popover,True,NOUN,7
toggle,toggle,True,NOUN,6
open,open,True,VERB,4
close,close,True,VERB,5
getPopover,get,True,VERB,3
getPopover,Popover,True,NOUN,7
setContent,set,True,VERB,3
setContent,Content,True,NOUN,7
_bindEvents,bind,True,VERB,4
_bindEvents,Events,True,NOUN,6
destroy,destroy,True,VERB,7
configure,configure,True,NOUN,9
set,set,True,VERB,3
isStarted,is,True,AUX,2
isStarted,Started,True,VERB,7
work,work,True,NOUN,4
start,start,True,VERB,5
done,done,True,VERB,4
inc,inc,True,PROPN,3
trickle,trickle,True,VERB,7
promise,promise,True,VERB,7
render,render,True,VERB,6
remove,remove,True,VERB,6
isRendered,is,True,AUX,2
isRendered,Rendered,True,VERB,8
getPositioningCSS,get,True,VERB,3
getPositioningCSS,Positioning,True,VERB,11
getPositioningCSS,CSS,False,NOUN,3
clamp,clamp,True,VERB,5
toBarPerc,to,True,PART,2
toBarPerc,Bar,True,VERB,3
toBarPerc,Perc,False,NOUN,4
barPositionCSS,bar,True,NOUN,3
barPositionCSS,Position,True,NOUN,8
barPositionCSS,CSS,False,NOUN,3
next,next,True,ADV,4
camelCase,camel,True,NOUN,5
camelCase,Case,True,NOUN,4
getVendorProp,get,True,VERB,3
getVendorProp,Vendor,True,PROPN,6
getVendorProp,Prop,True,PROPN,4
getStyleProp,get,True,VERB,3
getStyleProp,Style,True,NOUN,5
getStyleProp,Prop,True,PROPN,4
applyCss,apply,True,VERB,5
applyCss,Css,False,INTJ,3
hasClass,has,True,VERB,3
hasClass,Class,True,NOUN,5
addClass,add,True,VERB,3
addClass,Class,True,NOUN,5
removeClass,remove,True,VERB,6
removeClass,Class,True,NOUN,5
classList,class,True,NOUN,5
classList,List,True,NOUN,4
removeElement,remove,True,VERB,6
removeElement,Element,True,NOUN,7
PureView,Pure,True,VERB,4
PureView,View,True,NOUN,4
init,init,True,PROPN,4
refreshSlides,refresh,True,VERB,7
refreshSlides,Slides,True,NOUN,6
loadImage,load,True,NOUN,4
loadImage,Image,True,NOUN,5
activate,activate,True,VERB,8
nextSlide,next,True,ADV,4
nextSlide,Slide,True,VERB,5
prevSlide,prev,False,NOUN,4
prevSlide,Slide,True,VERB,5
toggleToolBar,toggle,True,NOUN,6
toggleToolBar,Tool,True,NOUN,4
toggleToolBar,Bar,True,VERB,3
open,open,True,VERB,4
resetBody,reset,True,VERB,5
resetBody,Body,True,NOUN,4
close,close,True,VERB,5
checkScrollbar,check,True,VERB,5
checkScrollbar,Scrollbar,False,NOUN,9
setScrollbar,set,True,VERB,3
setScrollbar,Scrollbar,False,NOUN,9
resetScrollbar,reset,True,VERB,5
resetScrollbar,Scrollbar,False,NOUN,9
ScrollSpy,Scroll,True,PROPN,6
ScrollSpy,Spy,True,NOUN,3
checkView,check,True,VERB,5
checkView,View,True,NOUN,4
check,check,True,VERB,5
ScrollSpyNav,Scroll,True,PROPN,6
ScrollSpyNav,Spy,True,NOUN,3
ScrollSpyNav,Nav,True,NOUN,3
process,process,True,NOUN,7
scrollProcess,scroll,True,NOUN,6
scrollProcess,Process,True,NOUN,7
containsNC,contains,True,VERB,8
containsNC,NC,True,PROPN,2
Selected,Selected,True,VERB,8
init,init,True,PROPN,4
pushOption,push,True,VERB,4
pushOption,Option,True,NOUN,6
renderOptions,render,True,VERB,6
renderOptions,Options,True,NOUN,7
setChecked,set,True,VERB,3
setChecked,Checked,True,VERB,7
syncData,sync,True,NOUN,4
syncData,Data,True,NOUN,4
bindEvents,bind,True,VERB,4
bindEvents,Events,True,NOUN,6
select,select,True,ADJ,6
enable,enable,True,VERB,6
disable,disable,True,ADJ,7
destroy,destroy,True,VERB,7
Share,Share,True,NOUN,5
render,render,True,VERB,6
init,init,True,PROPN,4
open,open,True,VERB,4
close,close,True,VERB,5
toggle,toggle,True,NOUN,6
setData,set,True,VERB,3
setData,Data,True,NOUN,4
shareTo,share,True,NOUN,5
shareTo,To,True,PART,2
wechatQr,wechat,False,PRON,6
wechatQr,Qr,True,NOUN,2
cancelScroll,cancel,True,VERB,6
cancelScroll,Scroll,True,PROPN,6
smooth,smooth,True,ADJ,6
abort,abort,True,ADJ,5
render,render,True,VERB,6
SmoothScroll,Smooth,True,ADJ,6
SmoothScroll,Scroll,True,PROPN,6
smoothScroll,smooth,True,ADJ,6
smoothScroll,Scroll,True,PROPN,6
Sticky,Sticky,True,ADJ,6
init,init,True,PROPN,4
reset,reset,True,VERB,5
check,check,True,VERB,5
checkPosition,check,True,VERB,5
checkPosition,Position,True,NOUN,8
Tabs,Tabs,True,NOUN,4
refresh,refresh,True,VERB,7
init,init,True,PROPN,4
open,open,True,VERB,4
complete,complete,True,ADJ,8
activate,activate,True,VERB,8
goTo,go,True,VERB,2
goTo,To,True,PART,2
destroy,destroy,True,VERB,7
Plugin,Plugin,True,VERB,6
UCheck,U,True,NOUN,1
UCheck,Check,True,VERB,5
init,init,True,PROPN,4
check,check,True,VERB,5
uncheck,uncheck,False,VERB,7
toggle,toggle,True,NOUN,6
disable,disable,True,ADJ,7
enable,enable,True,VERB,6
destroy,destroy,True,VERB,7
Validator,Validator,False,NOUN,9
regexToPattern,regex,True,NOUN,5
regexToPattern,To,True,PART,2
regexToPattern,Pattern,True,NOUN,7
validate,validate,True,VERB,8
bindEvents,bind,True,VERB,4
bindEvents,Events,True,NOUN,6
init,init,True,PROPN,4
isValid,is,True,AUX,2
isValid,Valid,True,ADJ,5
validateComplete,validate,True,VERB,8
validateComplete,Complete,True,VERB,8
validate,validate,True,VERB,8
markField,mark,True,NOUN,4
markField,Field,True,NOUN,5
validateForm,validate,True,VERB,8
validateForm,Form,True,VERB,4
triggerValid,trigger,True,NOUN,7
triggerValid,Valid,True,ADJ,5
isFormValid,is,True,AUX,2
isFormValid,Form,True,VERB,4
isFormValid,Valid,True,ADJ,5
createValidity,create,True,VERB,6
createValidity,Validity,True,NOUN,8
getValidationMessage,get,True,VERB,3
getValidationMessage,Validation,True,NOUN,10
getValidationMessage,Message,True,NOUN,7
removeMark,remove,True,VERB,6
removeMark,Mark,True,PROPN,4
destroy,destroy,True,VERB,7
Geolocation,Geolocation,False,NOUN,11
get,get,True,VERB,3
watch,watch,True,VERB,5
clearWatch,clear,True,ADJ,5
clearWatch,Watch,True,VERB,5
setTimeoutContext,set,True,VERB,3
setTimeoutContext,Timeout,True,NOUN,7
setTimeoutContext,Context,True,NOUN,7
invokeArrayArg,invoke,True,NOUN,6
invokeArrayArg,Array,True,VERB,5
invokeArrayArg,Arg,True,VERB,3
each,each,True,PRON,4
deprecate,deprecate,True,NOUN,9
assign,assign,True,VERB,6
extend,extend,True,VERB,6
merge,merge,True,VERB,5
inherit,inherit,True,NOUN,7
boundFn,bound,True,VERB,5
boundFn,Fn,False,PROPN,2
bindFn,bind,True,VERB,4
bindFn,Fn,False,PROPN,2
boolOrFn,bool,False,NOUN,4
boolOrFn,Or,True,CCONJ,2
boolOrFn,Fn,False,PROPN,2
ifUndefined,if,True,SCONJ,2
ifUndefined,Undefined,True,VERB,9
addEventListeners,add,True,VERB,3
addEventListeners,Event,True,NOUN,5
addEventListeners,Listeners,True,NOUN,9
removeEventListeners,remove,True,VERB,6
removeEventListeners,Event,True,NOUN,5
removeEventListeners,Listeners,True,NOUN,9
hasParent,has,True,VERB,3
hasParent,Parent,True,NOUN,6
inStr,in,True,ADP,2
inStr,Str,True,NOUN,3
splitStr,split,True,VERB,5
splitStr,Str,True,NOUN,3
inArray,in,True,ADP,2
inArray,Array,True,VERB,5
toArray,to,True,PART,2
toArray,Array,True,VERB,5
sortUniqueArray,sort,True,VERB,4
sortUniqueArray,Unique,True,ADJ,6
sortUniqueArray,Array,True,VERB,5
uniqueArray,unique,True,ADJ,6
uniqueArray,Array,True,VERB,5
prefixed,prefixed,True,VERB,8
uniqueId,unique,True,ADJ,6
uniqueId,Id,True,PROPN,2
getWindowForElement,get,True,VERB,3
getWindowForElement,Window,True,NOUN,6
getWindowForElement,For,True,ADP,3
getWindowForElement,Element,True,NOUN,7
domHandler,dom,True,NOUN,3
domHandler,Handler,True,NOUN,7
Input,Input,True,NOUN,5
createInputInstance,create,True,VERB,6
createInputInstance,Input,True,NOUN,5
createInputInstance,Instance,True,PROPN,8
inputHandler,input,True,NOUN,5
inputHandler,Handler,True,NOUN,7
computeInputData,compute,True,VERB,7
computeInputData,Input,True,NOUN,5
computeInputData,Data,True,NOUN,4
computeDeltaXY,compute,True,VERB,7
computeDeltaXY,Delta,True,PROPN,5
computeDeltaXY,XY,False,PROPN,2
computeIntervalInputData,compute,True,VERB,7
computeIntervalInputData,Interval,True,NOUN,8
computeIntervalInputData,Input,True,NOUN,5
computeIntervalInputData,Data,True,NOUN,4
simpleCloneInputData,simple,True,ADJ,6
simpleCloneInputData,Clone,True,NOUN,5
simpleCloneInputData,Input,True,NOUN,5
simpleCloneInputData,Data,True,NOUN,4
getCenter,get,True,VERB,3
getCenter,Center,True,NOUN,6
getVelocity,get,True,VERB,3
getVelocity,Velocity,True,NOUN,8
getDirection,get,True,VERB,3
getDirection,Direction,True,NOUN,9
getDistance,get,True,VERB,3
getDistance,Distance,True,NOUN,8
getAngle,get,True,VERB,3
getAngle,Angle,True,PROPN,5
getRotation,get,True,VERB,3
getRotation,Rotation,True,NOUN,8
getScale,get,True,VERB,3
getScale,Scale,True,NOUN,5
MouseInput,Mouse,True,NOUN,5
MouseInput,Input,True,NOUN,5
MEhandler,ME,True,PRON,2
MEhandler,handler,True,NOUN,7
PointerEventInput,Pointer,True,NOUN,7
PointerEventInput,Event,True,NOUN,5
PointerEventInput,Input,True,NOUN,5
PEhandler,PE,True,PROPN,2
PEhandler,handler,True,NOUN,7
SingleTouchInput,Single,True,ADJ,6
SingleTouchInput,Touch,True,VERB,5
SingleTouchInput,Input,True,NOUN,5
TEhandler,TE,True,PROPN,2
TEhandler,handler,True,NOUN,7
normalizeSingleTouches,normalize,True,VERB,9
normalizeSingleTouches,Single,True,ADJ,6
normalizeSingleTouches,Touches,True,NOUN,7
TouchInput,Touch,True,VERB,5
TouchInput,Input,True,NOUN,5
MTEhandler,MTE,False,PROPN,3
MTEhandler,handler,True,NOUN,7
getTouches,get,True,VERB,3
getTouches,Touches,True,NOUN,7
TouchMouseInput,Touch,True,VERB,5
TouchMouseInput,Mouse,True,NOUN,5
TouchMouseInput,Input,True,NOUN,5
TMEhandler,TME,False,PROPN,3
TMEhandler,handler,True,NOUN,7
destroy,destroy,True,VERB,7
recordTouches,record,True,NOUN,6
recordTouches,Touches,True,NOUN,7
removeLastTouch,remove,True,VERB,6
removeLastTouch,Last,True,ADJ,4
removeLastTouch,Touch,True,VERB,5
setLastTouch,set,True,VERB,3
setLastTouch,Last,True,ADJ,4
setLastTouch,Touch,True,VERB,5
isSyntheticEvent,is,True,AUX,2
isSyntheticEvent,Synthetic,True,ADJ,9
isSyntheticEvent,Event,True,NOUN,5
TouchAction,Touch,True,VERB,5
TouchAction,Action,True,NOUN,6
cleanTouchActions,clean,True,VERB,5
cleanTouchActions,Touch,True,VERB,5
cleanTouchActions,Actions,True,NOUN,7
getTouchActionProps,get,True,VERB,3
getTouchActionProps,Touch,True,VERB,5
getTouchActionProps,Action,True,NOUN,6
getTouchActionProps,Props,True,NOUN,5
Recognizer,Recognizer,True,PROPN,10
emit,emit,True,VERB,4
stateStr,state,True,NOUN,5
stateStr,Str,True,NOUN,3
directionStr,direction,True,NOUN,9
directionStr,Str,True,NOUN,3
getRecognizerByNameIfManager,get,True,VERB,3
getRecognizerByNameIfManager,Recognizer,True,PROPN,10
getRecognizerByNameIfManager,By,True,ADP,2
getRecognizerByNameIfManager,Name,True,NOUN,4
getRecognizerByNameIfManager,If,True,SCONJ,2
getRecognizerByNameIfManager,Manager,True,NOUN,7
AttrRecognizer,Attr,False,VERB,4
AttrRecognizer,Recognizer,True,PROPN,10
PanRecognizer,Pan,True,PROPN,3
PanRecognizer,Recognizer,True,PROPN,10
PinchRecognizer,Pinch,True,VERB,5
PinchRecognizer,Recognizer,True,PROPN,10
PressRecognizer,Press,True,NOUN,5
PressRecognizer,Recognizer,True,PROPN,10
RotateRecognizer,Rotate,True,NOUN,6
RotateRecognizer,Recognizer,True,PROPN,10
SwipeRecognizer,Swipe,True,NOUN,5
SwipeRecognizer,Recognizer,True,PROPN,10
TapRecognizer,Tap,True,NOUN,3
TapRecognizer,Recognizer,True,PROPN,10
Hammer,Hammer,True,NOUN,6
Manager,Manager,True,NOUN,7
preventDefault,prevent,True,VERB,7
preventDefault,Default,True,NOUN,7
toggleCssProps,toggle,True,NOUN,6
toggleCssProps,Css,False,INTJ,3
toggleCssProps,Props,True,NOUN,5
triggerDomEvent,trigger,True,NOUN,7
triggerDomEvent,Dom,True,VERB,3
triggerDomEvent,Event,True,NOUN,5
hammerify,hammerify,False,VERB,9
hammer,hammer,True,NOUN,6
QRCode,QR,True,PROPN,2
QRCode,Code,True,NOUN,4
createDefault,create,True,VERB,6
createDefault,Default,True,NOUN,7
createCanvas,create,True,VERB,6
createCanvas,Canvas,True,NOUN,6
createTable,create,True,VERB,6
createTable,Table,True,NOUN,5
createSVG,create,True,VERB,6
createSVG,SVG,False,PROPN,3
unicodeFormat8,unicode,False,ADJ,7
unicodeFormat8,Format,True,PROPN,6
unicodeFormat8,8,True,NUM,1
getUTF8Bytes,get,True,VERB,3
getUTF8Bytes,UTF8,False,VERB,4
getUTF8Bytes,Bytes,True,NOUN,5
QRCodeAlg,QR,True,PROPN,2
QRCodeAlg,Code,True,NOUN,4
QRCodeAlg,Alg,True,VERB,3
QRPolynomial,QR,True,PROPN,2
QRPolynomial,Polynomial,True,ADJ,10
getRightType,get,True,VERB,3
getRightType,Right,True,INTJ,5
getRightType,Type,True,NOUN,4
QRBitBuffer,QR,True,PROPN,2
QRBitBuffer,Bit,True,NOUN,3
QRBitBuffer,Buffer,True,PROPN,6
unicodeFormat8,unicode,False,ADJ,7
unicodeFormat8,Format,True,PROPN,6
unicodeFormat8,8,True,NUM,1
getUTF8Bytes,get,True,VERB,3
getUTF8Bytes,UTF8,False,VERB,4
getUTF8Bytes,Bytes,True,NOUN,5
QRCodeAlg,QR,True,PROPN,2
QRCodeAlg,Code,True,NOUN,4
QRCodeAlg,Alg,True,VERB,3
QRPolynomial,QR,True,PROPN,2
QRPolynomial,Polynomial,True,ADJ,10
getRightType,get,True,VERB,3
getRightType,Right,True,INTJ,5
getRightType,Type,True,NOUN,4
QRBitBuffer,QR,True,PROPN,2
QRBitBuffer,Bit,True,NOUN,3
QRBitBuffer,Buffer,True,PROPN,6
QRCodePlugin,QR,True,PROPN,2
QRCodePlugin,Code,True,NOUN,4
QRCodePlugin,Plugin,True,VERB,6
QRCodePlugin,QR,True,PROPN,2
QRCodePlugin,Code,True,NOUN,4
QRCodePlugin,Plugin,True,VERB,6
set,set,True,VERB,3
get,get,True,VERB,3
has,has,True,VERB,3
remove,remove,True,VERB,6
clear,clear,True,ADJ,5
transact,transact,True,VERB,8
getAll,get,True,VERB,3
getAll,All,True,PRON,3
forEach,for,True,ADP,3
forEach,Each,True,PRON,4
serialize,serialize,True,VERB,9
deserialize,deserialize,False,NOUN,11
isLocalStorageNameSupported,is,True,AUX,2
isLocalStorageNameSupported,Local,True,ADJ,5
isLocalStorageNameSupported,Storage,True,NOUN,7
isLocalStorageNameSupported,Name,True,NOUN,4
isLocalStorageNameSupported,Supported,True,VERB,9
set,set,True,VERB,3
get,get,True,VERB,3
remove,remove,True,VERB,6
clear,clear,True,ADJ,5
getAll,get,True,VERB,3
getAll,All,True,PRON,3
forEach,for,True,ADP,3
forEach,Each,True,PRON,4
mkdir,mk,True,PROPN,2
mkdir,dir,True,PROPN,3
read,read,True,VERB,4
write,write,True,VERB,5
registerIfCondHelper,register,True,VERB,8
registerIfCondHelper,If,True,SCONJ,2
registerIfCondHelper,Cond,False,NOUN,4
registerIfCondHelper,Helper,True,NOUN,6
registerAMUIPartials,register,True,VERB,8
registerAMUIPartials,AMUI,False,PROPN,4
registerAMUIPartials,Partials,True,NOUN,8
isES6ClassFn,is,True,AUX,2
isES6ClassFn,ES,True,PROPN,2
isES6ClassFn,6,True,NUM,1
isES6ClassFn,Class,True,NOUN,5
isES6ClassFn,Fn,False,PROPN,2
isES6ClassFn,is,True,AUX,2
isES6ClassFn,ES,True,PROPN,2
isES6ClassFn,6,True,NUM,1
isES6ClassFn,Class,True,NOUN,5
isES6ClassFn,Fn,False,PROPN,2
tryFunctionObject,try,True,VERB,3
tryFunctionObject,Function,True,NOUN,8
tryFunctionObject,Object,True,VERB,6
tryFunctionObject,try,True,VERB,3
tryFunctionObject,Function,True,NOUN,8
tryFunctionObject,Object,True,VERB,6
isCallable,is,True,AUX,2
isCallable,Callable,True,ADJ,8
isCallable,is,True,AUX,2
isCallable,Callable,True,ADJ,8
tryRegexExec,try,True,VERB,3
tryRegexExec,Regex,True,NOUN,5
tryRegexExec,Exec,True,NOUN,4
tryRegexExec,try,True,VERB,3
tryRegexExec,Regex,True,NOUN,5
tryRegexExec,Exec,True,NOUN,4
isRegex,is,True,AUX,2
isRegex,Regex,True,NOUN,5
tryStringObject,try,True,VERB,3
tryStringObject,String,True,NOUN,6
tryStringObject,Object,True,VERB,6
tryStringObject,try,True,VERB,3
tryStringObject,String,True,NOUN,6
tryStringObject,Object,True,VERB,6
isString,is,True,AUX,2
isString,String,True,NOUN,6
defineProperties,define,True,VERB,6
defineProperties,Properties,True,NOUN,10
isPrimitive,is,True,AUX,2
isPrimitive,Primitive,True,VERB,9
isPrimitive,is,True,AUX,2
isPrimitive,Primitive,True,VERB,9
isActualNaN,is,True,AUX,2
isActualNaN,Actual,True,ADJ,6
isActualNaN,Na,True,NOUN,2
isActualNaN,N,True,NOUN,1
ToInteger,To,True,PART,2
ToInteger,Integer,True,PROPN,7
ToPrimitive,To,True,PART,2
ToPrimitive,Primitive,True,VERB,9
ToUint32,To,True,PART,2
ToUint32,Uint32,False,NOUN,6
Empty,Empty,True,ADJ,5
Empty,Empty,True,ADJ,5
binder,binder,True,NOUN,6
bind,bind,True,VERB,4
isArray,is,True,AUX,2
isArray,Array,True,VERB,5
properlyBoxed,properly,True,ADV,8
properlyBoxed,Boxed,True,VERB,5
properlyBoxed,properly,True,ADV,8
properlyBoxed,Boxed,True,VERB,5
forEach,for,True,ADP,3
forEach,Each,True,PRON,4
map,map,True,NOUN,3
filter,filter,True,VERB,6
every,every,True,PRON,5
some,some,True,PRON,4
reduce,reduce,True,VERB,6
reduceRight,reduce,True,VERB,6
reduceRight,Right,True,INTJ,5
indexOf,index,True,NOUN,5
indexOf,Of,True,ADP,2
lastIndexOf,last,True,ADJ,4
lastIndexOf,Index,True,NOUN,5
lastIndexOf,Of,True,ADP,2
splice,splice,True,NOUN,6
splice,splice,True,NOUN,6
splice,splice,True,NOUN,6
join,join,True,VERB,4
join,join,True,VERB,4
push,push,True,VERB,4
push,push,True,VERB,4
push,push,True,VERB,4
sort,sort,True,VERB,4
equalsConstructorPrototype,equals,True,VERB,6
equalsConstructorPrototype,Constructor,True,NOUN,11
equalsConstructorPrototype,Prototype,True,NOUN,9
equalsConstructorPrototypeIfNotBuggy,equals,True,VERB,6
equalsConstructorPrototypeIfNotBuggy,Constructor,True,NOUN,11
equalsConstructorPrototypeIfNotBuggy,Prototype,True,NOUN,9
equalsConstructorPrototypeIfNotBuggy,If,True,SCONJ,2
equalsConstructorPrototypeIfNotBuggy,Not,True,PART,3
equalsConstructorPrototypeIfNotBuggy,Buggy,True,ADJ,5
isArguments,is,True,AUX,2
isArguments,Arguments,True,NOUN,9
isArguments,is,True,AUX,2
isArguments,Arguments,True,NOUN,9
isArguments,is,True,AUX,2
isArguments,Arguments,True,NOUN,9
isArguments,is,True,AUX,2
isArguments,Arguments,True,NOUN,9
keys,keys,True,NOUN,4
keys,keys,True,NOUN,4
daysInMonth,days,True,NOUN,4
daysInMonth,In,True,ADP,2
daysInMonth,Month,True,NOUN,5
daysInMonth,days,True,NOUN,4
daysInMonth,In,True,ADP,2
daysInMonth,Month,True,NOUN,5
getFullYear,get,True,VERB,3
getFullYear,Full,True,ADJ,4
getFullYear,Year,True,NOUN,4
getMonth,get,True,VERB,3
getMonth,Month,True,NOUN,5
getDate,get,True,VERB,3
getDate,Date,True,NOUN,4
getUTCFullYear,get,True,VERB,3
getUTCFullYear,UTC,True,NOUN,3
getUTCFullYear,Full,True,ADJ,4
getUTCFullYear,Year,True,NOUN,4
getUTCMonth,get,True,VERB,3
getUTCMonth,UTC,True,NOUN,3
getUTCMonth,Month,True,NOUN,5
getUTCDate,get,True,VERB,3
getUTCDate,UTC,True,NOUN,3
getUTCDate,Date,True,NOUN,4
toUTCString,to,True,PART,2
toUTCString,UTC,True,NOUN,3
toUTCString,String,True,NOUN,6
toDateString,to,True,PART,2
toDateString,Date,True,NOUN,4
toDateString,String,True,NOUN,6
toString,to,True,PART,2
toString,String,True,NOUN,6
toString,to,True,PART,2
toString,String,True,NOUN,6
toISOString,to,True,PART,2
toISOString,ISO,True,PROPN,3
toISOString,String,True,NOUN,6
toJSON,to,True,PART,2
toJSON,JSON,False,NOUN,4
toJSON,to,True,PART,2
toJSON,JSON,False,NOUN,4
Date,Date,True,NOUN,4
Date,Date,True,NOUN,4
dayFromMonth,day,True,NOUN,3
dayFromMonth,From,True,ADP,4
dayFromMonth,Month,True,NOUN,5
dayFromMonth,day,True,NOUN,3
dayFromMonth,From,True,ADP,4
dayFromMonth,Month,True,NOUN,5
toUTC,to,True,PART,2
toUTC,UTC,True,NOUN,3
toUTC,to,True,PART,2
toUTC,UTC,True,NOUN,3
parse,parse,True,VERB,5
parse,parse,True,VERB,5
now,now,True,ADV,3
now,now,True,ADV,3
multiply,multiply,True,VERB,8
divide,divide,True,NOUN,6
numToString,num,False,ADJ,3
numToString,To,True,PART,2
numToString,String,True,NOUN,6
pow,pow,True,PROPN,3
log,log,True,VERB,3
toFixed,to,True,PART,2
toFixed,Fixed,True,VERB,5
toFixed,to,True,PART,2
toFixed,Fixed,True,VERB,5
toPrecision,to,True,PART,2
toPrecision,Precision,True,NOUN,9
split,split,True,VERB,5
split,split,True,VERB,5
split,split,True,VERB,5
wrappedReplaceValue,wrapped,True,VERB,7
wrappedReplaceValue,Replace,True,VERB,7
wrappedReplaceValue,Value,True,NOUN,5
replace,replace,True,VERB,7
replace,replace,True,VERB,7
substr,sub,True,VERB,3
substr,str,True,PROPN,3
trim,trim,True,VERB,4
lastIndexOf,last,True,ADJ,4
lastIndexOf,Index,True,NOUN,5
lastIndexOf,Of,True,ADP,2
lastIndexOf,last,True,ADJ,4
lastIndexOf,Index,True,NOUN,5
lastIndexOf,Of,True,ADP,2
parseInt,parse,True,VERB,5
parseInt,Int,True,VERB,3
parseFloat,parse,True,VERB,5
parseFloat,Float,True,VERB,5
toString,to,True,PART,2
toString,String,True,NOUN,6
toString,to,True,PART,2
toString,String,True,NOUN,6
ensureNonEnumerable,ensure,True,VERB,6
ensureNonEnumerable,Non,True,PROPN,3
ensureNonEnumerable,Enumerable,True,ADJ,10
toString,to,True,PART,2
toString,String,True,NOUN,6
toString,to,True,PART,2
toString,String,True,NOUN,6
isPrimitive,is,True,AUX,2
isPrimitive,Primitive,True,VERB,9
isPrimitive,is,True,AUX,2
isPrimitive,Primitive,True,VERB,9
getPrototypeOf,get,True,VERB,3
getPrototypeOf,Prototype,True,NOUN,9
getPrototypeOf,Of,True,ADP,2
getPrototypeOf,get,True,VERB,3
getPrototypeOf,Prototype,True,NOUN,9
getPrototypeOf,Of,True,ADP,2
doesGetOwnPropertyDescriptorWork,does,True,VERB,4
doesGetOwnPropertyDescriptorWork,Get,True,VERB,3
doesGetOwnPropertyDescriptorWork,Own,True,VERB,3
doesGetOwnPropertyDescriptorWork,Property,True,NOUN,8
doesGetOwnPropertyDescriptorWork,Descriptor,True,NOUN,10
doesGetOwnPropertyDescriptorWork,Work,True,VERB,4
doesGetOwnPropertyDescriptorWork,does,True,VERB,4
doesGetOwnPropertyDescriptorWork,Get,True,VERB,3
doesGetOwnPropertyDescriptorWork,Own,True,VERB,3
doesGetOwnPropertyDescriptorWork,Property,True,NOUN,8
doesGetOwnPropertyDescriptorWork,Descriptor,True,NOUN,10
doesGetOwnPropertyDescriptorWork,Work,True,VERB,4
getOwnPropertyDescriptor,get,True,VERB,3
getOwnPropertyDescriptor,Own,True,VERB,3
getOwnPropertyDescriptor,Property,True,NOUN,8
getOwnPropertyDescriptor,Descriptor,True,NOUN,10
getOwnPropertyDescriptor,get,True,VERB,3
getOwnPropertyDescriptor,Own,True,VERB,3
getOwnPropertyDescriptor,Property,True,NOUN,8
getOwnPropertyDescriptor,Descriptor,True,NOUN,10
getOwnPropertyNames,get,True,VERB,3
getOwnPropertyNames,Own,True,VERB,3
getOwnPropertyNames,Property,True,NOUN,8
getOwnPropertyNames,Names,True,NOUN,5
getOwnPropertyNames,get,True,VERB,3
getOwnPropertyNames,Own,True,VERB,3
getOwnPropertyNames,Property,True,NOUN,8
getOwnPropertyNames,Names,True,NOUN,5
shouldUseActiveX,should,True,AUX,6
shouldUseActiveX,Use,True,VERB,3
shouldUseActiveX,Active,True,ADJ,6
shouldUseActiveX,X,True,NOUN,1
shouldUseActiveX,should,True,AUX,6
shouldUseActiveX,Use,True,VERB,3
shouldUseActiveX,Active,True,ADJ,6
shouldUseActiveX,X,True,NOUN,1
getEmptyViaActiveX,get,True,VERB,3
getEmptyViaActiveX,Empty,True,ADJ,5
getEmptyViaActiveX,Via,True,PROPN,3
getEmptyViaActiveX,Active,True,ADJ,6
getEmptyViaActiveX,X,True,NOUN,1
getEmptyViaActiveX,get,True,VERB,3
getEmptyViaActiveX,Empty,True,ADJ,5
getEmptyViaActiveX,Via,True,PROPN,3
getEmptyViaActiveX,Active,True,ADJ,6
getEmptyViaActiveX,X,True,NOUN,1
getEmptyViaIFrame,get,True,VERB,3
getEmptyViaIFrame,Empty,True,ADJ,5
getEmptyViaIFrame,Via,True,PROPN,3
getEmptyViaIFrame,I,True,PRON,1
getEmptyViaIFrame,Frame,True,NOUN,5
getEmptyViaIFrame,get,True,VERB,3
getEmptyViaIFrame,Empty,True,ADJ,5
getEmptyViaIFrame,Via,True,PROPN,3
getEmptyViaIFrame,I,True,PRON,1
getEmptyViaIFrame,Frame,True,NOUN,5
Empty,Empty,True,ADJ,5
Empty,Empty,True,ADJ,5
Type,Type,True,NOUN,4
Type,Type,True,NOUN,4
create,create,True,VERB,6
create,create,True,VERB,6
doesDefinePropertyWork,does,True,VERB,4
doesDefinePropertyWork,Define,True,VERB,6
doesDefinePropertyWork,Property,True,NOUN,8
doesDefinePropertyWork,Work,True,VERB,4
doesDefinePropertyWork,does,True,VERB,4
doesDefinePropertyWork,Define,True,VERB,6
doesDefinePropertyWork,Property,True,NOUN,8
doesDefinePropertyWork,Work,True,VERB,4
defineProperty,define,True,VERB,6
defineProperty,Property,True,NOUN,8
defineProperty,define,True,VERB,6
defineProperty,Property,True,NOUN,8
defineProperties,define,True,VERB,6
defineProperties,Properties,True,NOUN,10
defineProperties,define,True,VERB,6
defineProperties,Properties,True,NOUN,10
seal,seal,True,NOUN,4
seal,seal,True,NOUN,4
freeze,freeze,True,VERB,6
freeze,freeze,True,VERB,6
freeze,freeze,True,VERB,6
preventExtensions,prevent,True,VERB,7
preventExtensions,Extensions,True,NOUN,10
preventExtensions,prevent,True,VERB,7
preventExtensions,Extensions,True,NOUN,10
isSealed,is,True,AUX,2
isSealed,Sealed,True,VERB,6
isSealed,is,True,AUX,2
isSealed,Sealed,True,VERB,6
isFrozen,is,True,AUX,2
isFrozen,Frozen,True,ADJ,6
isFrozen,is,True,AUX,2
isFrozen,Frozen,True,ADJ,6
isExtensible,is,True,AUX,2
isExtensible,Extensible,True,ADJ,10
isExtensible,is,True,AUX,2
isExtensible,Extensible,True,ADJ,10
dummy,dummy,True,PROPN,5
cssremunit,css,False,ADV,3
cssremunit,rem,True,VERB,3
cssremunit,unit,True,NOUN,4
isStyleSheet,is,True,AUX,2
isStyleSheet,Style,True,NOUN,5
isStyleSheet,Sheet,True,NOUN,5
processLinks,process,True,NOUN,7
processLinks,Links,True,NOUN,5
storeCSS,store,True,VERB,5
storeCSS,CSS,False,NOUN,3
matchCSS,match,True,VERB,5
matchCSS,CSS,False,NOUN,3
buildCSS,build,True,VERB,5
buildCSS,CSS,False,NOUN,3
parseCSS,parse,True,VERB,5
parseCSS,CSS,False,NOUN,3
loadCSS,load,True,NOUN,4
loadCSS,CSS,False,NOUN,3
onreadystatechange,on,True,ADP,2
onreadystatechange,ready,True,ADJ,5
onreadystatechange,state,True,NOUN,5
onreadystatechange,change,True,VERB,6
onload,on,True,ADP,2
onload,load,True,NOUN,4
onerror,on,True,ADP,2
onerror,error,True,NOUN,5
xhr,xhr,False,PROPN,3
removeMediaQueries,remove,True,VERB,6
removeMediaQueries,Media,True,NOUN,5
removeMediaQueries,Queries,True,NOUN,7
b,b,True,X,1
update,update,True,VERB,6
onreadystatechange,on,True,ADP,2
onreadystatechange,ready,True,ADJ,5
onreadystatechange,state,True,NOUN,5
onreadystatechange,change,True,VERB,6
f,f,True,X,1
g,g,True,PROPN,1
u,u,True,NOUN,1
v,v,True,X,1
h,h,True,NOUN,1
w,w,True,PROPN,1
x,x,True,VERB,1
y,y,True,PROPN,1
swipeDirection,swipe,True,NOUN,5
swipeDirection,Direction,True,NOUN,9
longTap,long,True,ADV,4
longTap,Tap,True,NOUN,3
cancelLongTap,cancel,True,VERB,6
cancelLongTap,Long,True,ADV,4
cancelLongTap,Tap,True,NOUN,3
cancelAll,cancel,True,VERB,6
cancelAll,All,True,PRON,3
isPrimaryTouch,is,True,AUX,2
isPrimaryTouch,Primary,True,NOUN,7
isPrimaryTouch,Touch,True,VERB,5
eventName,event,True,NOUN,5
eventName,Name,True,NOUN,4
accordionInit,accordion,True,NOUN,9
accordionInit,Init,True,NOUN,4
duoshuoInit,duoshuo,False,NOUN,7
duoshuoInit,Init,True,NOUN,4
isImgZoomAble,is,True,AUX,2
isImgZoomAble,Img,False,PROPN,3
isImgZoomAble,Zoom,True,VERB,4
isImgZoomAble,Able,True,ADJ,4
figureInit,figure,True,NOUN,6
figureInit,Init,True,NOUN,4
footerInit,footer,True,NOUN,6
footerInit,Init,True,NOUN,4
galleryInit,gallery,True,NOUN,7
galleryInit,Init,True,NOUN,4
checkPosition,check,True,VERB,5
checkPosition,Position,True,NOUN,8
goTopInit,go,True,VERB,2
goTopInit,Top,True,ADJ,3
goTopInit,Init,True,NOUN,4
headerInit,header,True,NOUN,6
headerInit,Init,True,NOUN,4
addMapApi,add,True,VERB,3
addMapApi,Map,True,PROPN,3
addMapApi,Api,False,PROPN,3
addBdMap,add,True,VERB,3
addBdMap,Bd,True,PROPN,2
addBdMap,Map,True,PROPN,3
mapInit,map,True,NOUN,3
mapInit,Init,True,NOUN,4
mechatInit,me,True,PRON,2
mechatInit,chat,True,VERB,4
mechatInit,Init,True,NOUN,4
menuInit,menu,True,NOUN,4
menuInit,Init,True,NOUN,4
initActions,init,True,PROPN,4
initActions,Actions,True,NOUN,7
checkNavBarItems,check,True,VERB,5
checkNavBarItems,Nav,True,NOUN,3
checkNavBarItems,Bar,True,VERB,3
checkNavBarItems,Items,True,NOUN,5
calcSuiteItems,calc,False,NOUN,4
calcSuiteItems,Suite,True,PROPN,5
calcSuiteItems,Items,True,NOUN,5
navbarInit,nav,True,NOUN,3
navbarInit,bar,True,NOUN,3
navbarInit,Init,True,NOUN,4
scrollTable,scroll,True,NOUN,6
scrollTable,Table,True,NOUN,5
paragraphInit,paragraph,True,NOUN,9
paragraphInit,Init,True,NOUN,4
sliderInit,slider,True,NOUN,6
sliderInit,Init,True,NOUN,4
tabsInit,tabs,True,NOUN,4
tabsInit,Init,True,NOUN,4
appendWeChatSDK,append,True,VERB,6
appendWeChatSDK,We,True,PRON,2
appendWeChatSDK,Chat,True,VERB,4
appendWeChatSDK,SDK,False,PROPN,3
payHandler,pay,True,VERB,3
payHandler,Handler,True,NOUN,7
