2,59,./parser/test_scripts/QQFlacMusicDownloader/flaskSystem/static/static/js/@ctrl-91de2ec7.js
3,1,./parser/test_scripts/QQFlacMusicDownloader/flaskSystem/static/static/js/@element-plus-d11130d4.js
2,44,./parser/test_scripts/QQFlacMusicDownloader/flaskSystem/static/static/js/@popperjs-b78c3215.js
2,345,./parser/test_scripts/QQFlacMusicDownloader/flaskSystem/static/static/js/@vue-23ec300c.js
2,66,./parser/test_scripts/QQFlacMusicDownloader/flaskSystem/static/static/js/@vueuse-745bbec7.js
2,34,./parser/test_scripts/QQFlacMusicDownloader/flaskSystem/static/static/js/async-validator-cf877c1f.js
2,72,./parser/test_scripts/QQFlacMusicDownloader/flaskSystem/static/static/js/axios-a8ee11a1.js
2,76,./parser/test_scripts/QQFlacMusicDownloader/flaskSystem/static/static/js/dayjs-4609adfa.js
9,0,./parser/test_scripts/QQFlacMusicDownloader/flaskSystem/static/static/js/escape-html-c01bf6ee.js
2,128,./parser/test_scripts/QQFlacMusicDownloader/flaskSystem/static/static/js/lodash-es-3125e237.js
2,0,./parser/test_scripts/QQFlacMusicDownloader/flaskSystem/static/static/js/lodash-unified-4ed993c7.js
2,4,./parser/test_scripts/QQFlacMusicDownloader/flaskSystem/static/static/js/memoize-one-63ab667a.js
16,4,./parser/test_scripts/QQFlacMusicDownloader/flaskSystem/static/static/js/normalize-wheel-es-3222b0a2.js
7,15,./parser/test_scripts/QQFlacMusicDownloader/flaskSystem/static/static/js/pinia-18d02a46.js
2,5,./parser/test_scripts/QQFlacMusicDownloader/flaskSystem/static/static/js/pinia-plugin-persistedstate-d2bd58cf.js
8,49,./parser/test_scripts/QQFlacMusicDownloader/flaskSystem/static/static/js/qrcode.vue-ca8a58dd.js
2,0,./parser/test_scripts/QQFlacMusicDownloader/flaskSystem/static/static/js/vue-4ed993c7.js
2,0,./parser/test_scripts/QQFlacMusicDownloader/flaskSystem/static/static/js/vue-demi-71ba0ef2.js
7,79,./parser/test_scripts/QQFlacMusicDownloader/flaskSystem/static/static/js/vue-router-af40f048.js
91,1,./parser/test_scripts/QQFlacMusicDownloader/WebSourceCode/src/Netease/docs/sw.js
23,1,./parser/test_scripts/QQFlacMusicDownloader/WebSourceCode/src/Netease/examples/get_static_moddef.js
24,1,./parser/test_scripts/QQFlacMusicDownloader/WebSourceCode/src/Netease/generateConfig.js
2,0,./parser/test_scripts/QQFlacMusicDownloader/WebSourceCode/src/Netease/index.js
19,0,./parser/test_scripts/QQFlacMusicDownloader/WebSourceCode/src/Netease/main.test.js
20,1,./parser/test_scripts/QQFlacMusicDownloader/WebSourceCode/src/Netease/module/activate_init_profile.js
38,1,./parser/test_scripts/QQFlacMusicDownloader/WebSourceCode/src/Netease/module/aidj_content_rcmd.js
16,1,./parser/test_scripts/QQFlacMusicDownloader/WebSourceCode/src/Netease/module/album.js
18,1,./parser/test_scripts/QQFlacMusicDownloader/WebSourceCode/src/Netease/module/album_detail.js
18,1,./parser/test_scripts/QQFlacMusicDownloader/WebSourceCode/src/Netease/module/album_detail_dynamic.js
22,1,./parser/test_scripts/QQFlacMusicDownloader/WebSourceCode/src/Netease/module/album_list.js
21,1,./parser/test_scripts/QQFlacMusicDownloader/WebSourceCode/src/Netease/module/album_list_style.js
16,1,./parser/test_scripts/QQFlacMusicDownloader/WebSourceCode/src/Netease/module/album_new.js
16,1,./parser/test_scripts/QQFlacMusicDownloader/WebSourceCode/src/Netease/module/album_newest.js
15,1,./parser/test_scripts/QQFlacMusicDownloader/WebSourceCode/src/Netease/module/album_sub.js
16,1,./parser/test_scripts/QQFlacMusicDownloader/WebSourceCode/src/Netease/module/album_sublist.js
16,1,./parser/test_scripts/QQFlacMusicDownloader/WebSourceCode/src/Netease/module/artists.js
21,1,./parser/test_scripts/QQFlacMusicDownloader/WebSourceCode/src/Netease/module/artist_album.js
19,1,./parser/test_scripts/QQFlacMusicDownloader/WebSourceCode/src/Netease/module/artist_desc.js
16,1,./parser/test_scripts/QQFlacMusicDownloader/WebSourceCode/src/Netease/module/artist_detail.js
16,1,./parser/test_scripts/QQFlacMusicDownloader/WebSourceCode/src/Netease/module/artist_fans.js
19,1,./parser/test_scripts/QQFlacMusicDownloader/WebSourceCode/src/Netease/module/artist_follow_count.js
38,1,./parser/test_scripts/QQFlacMusicDownloader/WebSourceCode/src/Netease/module/artist_list.js
17,1,./parser/test_scripts/QQFlacMusicDownloader/WebSourceCode/src/Netease/module/artist_mv.js
20,1,./parser/test_scripts/QQFlacMusicDownloader/WebSourceCode/src/Netease/module/artist_new_mv.js
20,1,./parser/test_scripts/QQFlacMusicDownloader/WebSourceCode/src/Netease/module/artist_new_song.js
18,1,./parser/test_scripts/QQFlacMusicDownloader/WebSourceCode/src/Netease/module/artist_songs.js
21,1,./parser/test_scripts/QQFlacMusicDownloader/WebSourceCode/src/Netease/module/artist_sub.js
16,1,./parser/test_scripts/QQFlacMusicDownloader/WebSourceCode/src/Netease/module/artist_sublist.js
13,1,./parser/test_scripts/QQFlacMusicDownloader/WebSourceCode/src/Netease/module/artist_top_song.js
25,1,./parser/test_scripts/QQFlacMusicDownloader/WebSourceCode/src/Netease/module/artist_video.js
26,2,./parser/test_scripts/QQFlacMusicDownloader/WebSourceCode/src/Netease/module/audio_match.js
18,1,./parser/test_scripts/QQFlacMusicDownloader/WebSourceCode/src/Netease/module/banner.js
20,1,./parser/test_scripts/QQFlacMusicDownloader/WebSourceCode/src/Netease/module/batch.js
13,1,./parser/test_scripts/QQFlacMusicDownloader/WebSourceCode/src/Netease/module/calendar.js
15,1,./parser/test_scripts/QQFlacMusicDownloader/WebSourceCode/src/Netease/module/captcha_sent.js
21,1,./parser/test_scripts/QQFlacMusicDownloader/WebSourceCode/src/Netease/module/captcha_verify.js
21,1,./parser/test_scripts/QQFlacMusicDownloader/WebSourceCode/src/Netease/module/cellphone_existence_check.js
36,1,./parser/test_scripts/QQFlacMusicDownloader/WebSourceCode/src/Netease/module/check_music.js
24,1,./parser/test_scripts/QQFlacMusicDownloader/WebSourceCode/src/Netease/module/cloudsearch.js
21,1,./parser/test_scripts/QQFlacMusicDownloader/WebSourceCode/src/Netease/module/cloud_match.js
37,1,./parser/test_scripts/QQFlacMusicDownloader/WebSourceCode/src/Netease/module/comment.js
23,1,./parser/test_scripts/QQFlacMusicDownloader/WebSourceCode/src/Netease/module/comment_album.js
23,1,./parser/test_scripts/QQFlacMusicDownloader/WebSourceCode/src/Netease/module/comment_dj.js
21,1,./parser/test_scripts/QQFlacMusicDownloader/WebSourceCode/src/Netease/module/comment_event.js
22,1,./parser/test_scripts/QQFlacMusicDownloader/WebSourceCode/src/Netease/module/comment_floor.js
25,1,./parser/test_scripts/QQFlacMusicDownloader/WebSourceCode/src/Netease/module/comment_hot.js
28,1,./parser/test_scripts/QQFlacMusicDownloader/WebSourceCode/src/Netease/module/comment_hug_list.js
27,1,./parser/test_scripts/QQFlacMusicDownloader/WebSourceCode/src/Netease/module/comment_like.js
23,1,./parser/test_scripts/QQFlacMusicDownloader/WebSourceCode/src/Netease/module/comment_music.js
23,1,./parser/test_scripts/QQFlacMusicDownloader/WebSourceCode/src/Netease/module/comment_mv.js
49,1,./parser/test_scripts/QQFlacMusicDownloader/WebSourceCode/src/Netease/module/comment_new.js
23,1,./parser/test_scripts/QQFlacMusicDownloader/WebSourceCode/src/Netease/module/comment_playlist.js
23,1,./parser/test_scripts/QQFlacMusicDownloader/WebSourceCode/src/Netease/module/comment_video.js
17,1,./parser/test_scripts/QQFlacMusicDownloader/WebSourceCode/src/Netease/module/countries_code_list.js
21,1,./parser/test_scripts/QQFlacMusicDownloader/WebSourceCode/src/Netease/module/daily_signin.js
19,1,./parser/test_scripts/QQFlacMusicDownloader/WebSourceCode/src/Netease/module/digitalAlbum_detail.js
28,1,./parser/test_scripts/QQFlacMusicDownloader/WebSourceCode/src/Netease/module/digitalAlbum_ordering.js
21,1,./parser/test_scripts/QQFlacMusicDownloader/WebSourceCode/src/Netease/module/digitalAlbum_purchased.js
19,1,./parser/test_scripts/QQFlacMusicDownloader/WebSourceCode/src/Netease/module/digitalAlbum_sales.js
18,1,./parser/test_scripts/QQFlacMusicDownloader/WebSourceCode/src/Netease/module/dj_banner.js
16,1,./parser/test_scripts/QQFlacMusicDownloader/WebSourceCode/src/Netease/module/dj_category_excludehot.js
16,1,./parser/test_scripts/QQFlacMusicDownloader/WebSourceCode/src/Netease/module/dj_category_recommend.js
16,1,./parser/test_scripts/QQFlacMusicDownloader/WebSourceCode/src/Netease/module/dj_catelist.js
14,1,./parser/test_scripts/QQFlacMusicDownloader/WebSourceCode/src/Netease/module/dj_detail.js
15,1,./parser/test_scripts/QQFlacMusicDownloader/WebSourceCode/src/Netease/module/dj_hot.js
20,1,./parser/test_scripts/QQFlacMusicDownloader/WebSourceCode/src/Netease/module/dj_paygift.js
18,1,./parser/test_scripts/QQFlacMusicDownloader/WebSourceCode/src/Netease/module/dj_personalize_recommend.js
22,1,./parser/test_scripts/QQFlacMusicDownloader/WebSourceCode/src/Netease/module/dj_program.js
14,1,./parser/test_scripts/QQFlacMusicDownloader/WebSourceCode/src/Netease/module/dj_program_detail.js
15,1,./parser/test_scripts/QQFlacMusicDownloader/WebSourceCode/src/Netease/module/dj_program_toplist.js
19,1,./parser/test_scripts/QQFlacMusicDownloader/WebSourceCode/src/Netease/module/dj_program_toplist_hours.js
16,1,./parser/test_scripts/QQFlacMusicDownloader/WebSourceCode/src/Netease/module/dj_radio_hot.js
16,1,./parser/test_scripts/QQFlacMusicDownloader/WebSourceCode/src/Netease/module/dj_recommend.js
42,1,./parser/test_scripts/QQFlacMusicDownloader/WebSourceCode/src/Netease/module/dj_recommend_type.js
20,1,./parser/test_scripts/QQFlacMusicDownloader/WebSourceCode/src/Netease/module/dj_sub.js
21,1,./parser/test_scripts/QQFlacMusicDownloader/WebSourceCode/src/Netease/module/dj_sublist.js
17,1,./parser/test_scripts/QQFlacMusicDownloader/WebSourceCode/src/Netease/module/dj_subscriber.js
19,1,./parser/test_scripts/QQFlacMusicDownloader/WebSourceCode/src/Netease/module/dj_today_perfered.js
19,1,./parser/test_scripts/QQFlacMusicDownloader/WebSourceCode/src/Netease/module/dj_toplist.js
15,1,./parser/test_scripts/QQFlacMusicDownloader/WebSourceCode/src/Netease/module/dj_toplist_hours.js
19,1,./parser/test_scripts/QQFlacMusicDownloader/WebSourceCode/src/Netease/module/dj_toplist_newcomer.js
19,1,./parser/test_scripts/QQFlacMusicDownloader/WebSourceCode/src/Netease/module/dj_toplist_pay.js
15,1,./parser/test_scripts/QQFlacMusicDownloader/WebSourceCode/src/Netease/module/dj_toplist_popular.js
15,1,./parser/test_scripts/QQFlacMusicDownloader/WebSourceCode/src/Netease/module/event.js
14,1,./parser/test_scripts/QQFlacMusicDownloader/WebSourceCode/src/Netease/module/event_del.js
17,1,./parser/test_scripts/QQFlacMusicDownloader/WebSourceCode/src/Netease/module/event_forward.js
21,1,./parser/test_scripts/QQFlacMusicDownloader/WebSourceCode/src/Netease/module/fm_trash.js
18,1,./parser/test_scripts/QQFlacMusicDownloader/WebSourceCode/src/Netease/module/follow.js
12,1,./parser/test_scripts/QQFlacMusicDownloader/WebSourceCode/src/Netease/module/get_userids.js
18,1,./parser/test_scripts/QQFlacMusicDownloader/WebSourceCode/src/Netease/module/history_recommend_songs.js
20,1,./parser/test_scripts/QQFlacMusicDownloader/WebSourceCode/src/Netease/module/history_recommend_songs_detail.js
20,1,./parser/test_scripts/QQFlacMusicDownloader/WebSourceCode/src/Netease/module/homepage_block_page.js
22,1,./parser/test_scripts/QQFlacMusicDownloader/WebSourceCode/src/Netease/module/homepage_dragon_ball.js
15,1,./parser/test_scripts/QQFlacMusicDownloader/WebSourceCode/src/Netease/module/hot_topic.js
24,1,./parser/test_scripts/QQFlacMusicDownloader/WebSourceCode/src/Netease/module/hug_comment.js
16,1,./parser/test_scripts/QQFlacMusicDownloader/WebSourceCode/src/Netease/module/inner_version.js
20,1,./parser/test_scripts/QQFlacMusicDownloader/WebSourceCode/src/Netease/module/like.js
14,1,./parser/test_scripts/QQFlacMusicDownloader/WebSourceCode/src/Netease/module/likelist.js
20,1,./parser/test_scripts/QQFlacMusicDownloader/WebSourceCode/src/Netease/module/listentogether_end.js
23,1,./parser/test_scripts/QQFlacMusicDownloader/WebSourceCode/src/Netease/module/listentogether_heatbeat.js
28,1,./parser/test_scripts/QQFlacMusicDownloader/WebSourceCode/src/Netease/module/listentogether_play_command.js
20,1,./parser/test_scripts/QQFlacMusicDownloader/WebSourceCode/src/Netease/module/listentogether_room_check.js
20,1,./parser/test_scripts/QQFlacMusicDownloader/WebSourceCode/src/Netease/module/listentogether_room_create.js
16,1,./parser/test_scripts/QQFlacMusicDownloader/WebSourceCode/src/Netease/module/listentogether_status.js
33,1,./parser/test_scripts/QQFlacMusicDownloader/WebSourceCode/src/Netease/module/listentogether_sync_list_command.js
20,1,./parser/test_scripts/QQFlacMusicDownloader/WebSourceCode/src/Netease/module/listentogether_sync_playlist_get.js
19,1,./parser/test_scripts/QQFlacMusicDownloader/WebSourceCode/src/Netease/module/login_qr_create.js
25,1,./parser/test_scripts/QQFlacMusicDownloader/WebSourceCode/src/Netease/module/login_qr_key.js
17,1,./parser/test_scripts/QQFlacMusicDownloader/WebSourceCode/src/Netease/module/logout.js
25,1,./parser/test_scripts/QQFlacMusicDownloader/WebSourceCode/src/Netease/module/lyric.js
28,1,./parser/test_scripts/QQFlacMusicDownloader/WebSourceCode/src/Netease/module/lyric_new.js
24,1,./parser/test_scripts/QQFlacMusicDownloader/WebSourceCode/src/Netease/module/mlog_music_rcmd.js
19,1,./parser/test_scripts/QQFlacMusicDownloader/WebSourceCode/src/Netease/module/mlog_to_video.js
16,1,./parser/test_scripts/QQFlacMusicDownloader/WebSourceCode/src/Netease/module/mlog_url.js
23,1,./parser/test_scripts/QQFlacMusicDownloader/WebSourceCode/src/Netease/module/msg_comments.js
16,1,./parser/test_scripts/QQFlacMusicDownloader/WebSourceCode/src/Netease/module/msg_forwards.js
15,1,./parser/test_scripts/QQFlacMusicDownloader/WebSourceCode/src/Netease/module/msg_notices.js
16,1,./parser/test_scripts/QQFlacMusicDownloader/WebSourceCode/src/Netease/module/msg_private.js
22,1,./parser/test_scripts/QQFlacMusicDownloader/WebSourceCode/src/Netease/module/msg_private_history.js
17,1,./parser/test_scripts/QQFlacMusicDownloader/WebSourceCode/src/Netease/module/msg_recentcontact.js
12,1,./parser/test_scripts/QQFlacMusicDownloader/WebSourceCode/src/Netease/module/musician_cloudbean.js
20,1,./parser/test_scripts/QQFlacMusicDownloader/WebSourceCode/src/Netease/module/musician_cloudbean_obtain.js
17,1,./parser/test_scripts/QQFlacMusicDownloader/WebSourceCode/src/Netease/module/musician_data_overview.js
20,1,./parser/test_scripts/QQFlacMusicDownloader/WebSourceCode/src/Netease/module/musician_play_trend.js
17,1,./parser/test_scripts/QQFlacMusicDownloader/WebSourceCode/src/Netease/module/musician_sign.js
17,1,./parser/test_scripts/QQFlacMusicDownloader/WebSourceCode/src/Netease/module/musician_tasks.js
17,1,./parser/test_scripts/QQFlacMusicDownloader/WebSourceCode/src/Netease/module/musician_tasks_new.js
19,1,./parser/test_scripts/QQFlacMusicDownloader/WebSourceCode/src/Netease/module/music_first_listen_info.js
21,1,./parser/test_scripts/QQFlacMusicDownloader/WebSourceCode/src/Netease/module/mv_all.js
14,1,./parser/test_scripts/QQFlacMusicDownloader/WebSourceCode/src/Netease/module/mv_detail.js
20,1,./parser/test_scripts/QQFlacMusicDownloader/WebSourceCode/src/Netease/module/mv_detail_info.js
20,1,./parser/test_scripts/QQFlacMusicDownloader/WebSourceCode/src/Netease/module/mv_exclusive_rcmd.js
22,1,./parser/test_scripts/QQFlacMusicDownloader/WebSourceCode/src/Netease/module/mv_first.js
16,1,./parser/test_scripts/QQFlacMusicDownloader/WebSourceCode/src/Netease/module/mv_sub.js
21,1,./parser/test_scripts/QQFlacMusicDownloader/WebSourceCode/src/Netease/module/mv_sublist.js
20,1,./parser/test_scripts/QQFlacMusicDownloader/WebSourceCode/src/Netease/module/mv_url.js
17,1,./parser/test_scripts/QQFlacMusicDownloader/WebSourceCode/src/Netease/module/nickname_check.js
22,1,./parser/test_scripts/QQFlacMusicDownloader/WebSourceCode/src/Netease/module/personalized.js
16,1,./parser/test_scripts/QQFlacMusicDownloader/WebSourceCode/src/Netease/module/personalized_djprogram.js
16,1,./parser/test_scripts/QQFlacMusicDownloader/WebSourceCode/src/Netease/module/personalized_mv.js
22,1,./parser/test_scripts/QQFlacMusicDownloader/WebSourceCode/src/Netease/module/personalized_newsong.js
16,1,./parser/test_scripts/QQFlacMusicDownloader/WebSourceCode/src/Netease/module/personalized_privatecontent.js
21,1,./parser/test_scripts/QQFlacMusicDownloader/WebSourceCode/src/Netease/module/personalized_privatecontent_list.js
16,1,./parser/test_scripts/QQFlacMusicDownloader/WebSourceCode/src/Netease/module/personal_fm.js
16,1,./parser/test_scripts/QQFlacMusicDownloader/WebSourceCode/src/Netease/module/playlist_catlist.js
17,1,./parser/test_scripts/QQFlacMusicDownloader/WebSourceCode/src/Netease/module/playlist_create.js
15,1,./parser/test_scripts/QQFlacMusicDownloader/WebSourceCode/src/Netease/module/playlist_delete.js
21,1,./parser/test_scripts/QQFlacMusicDownloader/WebSourceCode/src/Netease/module/playlist_desc_update.js
16,1,./parser/test_scripts/QQFlacMusicDownloader/WebSourceCode/src/Netease/module/playlist_detail.js
21,1,./parser/test_scripts/QQFlacMusicDownloader/WebSourceCode/src/Netease/module/playlist_detail_dynamic.js
16,1,./parser/test_scripts/QQFlacMusicDownloader/WebSourceCode/src/Netease/module/playlist_highquality_tags.js
16,1,./parser/test_scripts/QQFlacMusicDownloader/WebSourceCode/src/Netease/module/playlist_hot.js
18,1,./parser/test_scripts/QQFlacMusicDownloader/WebSourceCode/src/Netease/module/playlist_mylike.js
21,1,./parser/test_scripts/QQFlacMusicDownloader/WebSourceCode/src/Netease/module/playlist_name_update.js
20,1,./parser/test_scripts/QQFlacMusicDownloader/WebSourceCode/src/Netease/module/playlist_order_update.js
21,1,./parser/test_scripts/QQFlacMusicDownloader/WebSourceCode/src/Netease/module/playlist_privacy.js
20,1,./parser/test_scripts/QQFlacMusicDownloader/WebSourceCode/src/Netease/module/playlist_subscribe.js
21,1,./parser/test_scripts/QQFlacMusicDownloader/WebSourceCode/src/Netease/module/playlist_subscribers.js
21,1,./parser/test_scripts/QQFlacMusicDownloader/WebSourceCode/src/Netease/module/playlist_tags_update.js
21,1,./parser/test_scripts/QQFlacMusicDownloader/WebSourceCode/src/Netease/module/playlist_track_add.js
44,1,./parser/test_scripts/QQFlacMusicDownloader/WebSourceCode/src/Netease/module/playlist_track_all.js
27,1,./parser/test_scripts/QQFlacMusicDownloader/WebSourceCode/src/Netease/module/playlist_track_delete.js
19,1,./parser/test_scripts/QQFlacMusicDownloader/WebSourceCode/src/Netease/module/playlist_update.js
19,1,./parser/test_scripts/QQFlacMusicDownloader/WebSourceCode/src/Netease/module/playlist_update_playcount.js
15,1,./parser/test_scripts/QQFlacMusicDownloader/WebSourceCode/src/Netease/module/playlist_video_recent.js
23,1,./parser/test_scripts/QQFlacMusicDownloader/WebSourceCode/src/Netease/module/playmode_intelligence_list.js
20,1,./parser/test_scripts/QQFlacMusicDownloader/WebSourceCode/src/Netease/module/playmode_song_vector.js
11,1,./parser/test_scripts/QQFlacMusicDownloader/WebSourceCode/src/Netease/module/pl_count.js
21,1,./parser/test_scripts/QQFlacMusicDownloader/WebSourceCode/src/Netease/module/program_recommend.js
22,1,./parser/test_scripts/QQFlacMusicDownloader/WebSourceCode/src/Netease/module/rebind.js
16,1,./parser/test_scripts/QQFlacMusicDownloader/WebSourceCode/src/Netease/module/recommend_resource.js
18,1,./parser/test_scripts/QQFlacMusicDownloader/WebSourceCode/src/Netease/module/recommend_songs.js
17,1,./parser/test_scripts/QQFlacMusicDownloader/WebSourceCode/src/Netease/module/record_recent_album.js
17,1,./parser/test_scripts/QQFlacMusicDownloader/WebSourceCode/src/Netease/module/record_recent_dj.js
17,1,./parser/test_scripts/QQFlacMusicDownloader/WebSourceCode/src/Netease/module/record_recent_playlist.js
17,1,./parser/test_scripts/QQFlacMusicDownloader/WebSourceCode/src/Netease/module/record_recent_song.js
17,1,./parser/test_scripts/QQFlacMusicDownloader/WebSourceCode/src/Netease/module/record_recent_video.js
17,1,./parser/test_scripts/QQFlacMusicDownloader/WebSourceCode/src/Netease/module/record_recent_voice.js
20,1,./parser/test_scripts/QQFlacMusicDownloader/WebSourceCode/src/Netease/module/register_cellphone.js
20,1,./parser/test_scripts/QQFlacMusicDownloader/WebSourceCode/src/Netease/module/related_allvideo.js
40,1,./parser/test_scripts/QQFlacMusicDownloader/WebSourceCode/src/Netease/module/related_playlist.js
25,1,./parser/test_scripts/QQFlacMusicDownloader/WebSourceCode/src/Netease/module/resource_like.js
29,1,./parser/test_scripts/QQFlacMusicDownloader/WebSourceCode/src/Netease/module/scrobble.js
31,1,./parser/test_scripts/QQFlacMusicDownloader/WebSourceCode/src/Netease/module/search.js
17,1,./parser/test_scripts/QQFlacMusicDownloader/WebSourceCode/src/Netease/module/search_default.js
15,1,./parser/test_scripts/QQFlacMusicDownloader/WebSourceCode/src/Netease/module/search_hot.js
16,1,./parser/test_scripts/QQFlacMusicDownloader/WebSourceCode/src/Netease/module/search_hot_detail.js
20,1,./parser/test_scripts/QQFlacMusicDownloader/WebSourceCode/src/Netease/module/search_multimatch.js
20,1,./parser/test_scripts/QQFlacMusicDownloader/WebSourceCode/src/Netease/module/search_suggest.js
19,1,./parser/test_scripts/QQFlacMusicDownloader/WebSourceCode/src/Netease/module/send_album.js
18,1,./parser/test_scripts/QQFlacMusicDownloader/WebSourceCode/src/Netease/module/send_playlist.js
19,1,./parser/test_scripts/QQFlacMusicDownloader/WebSourceCode/src/Netease/module/send_song.js
17,1,./parser/test_scripts/QQFlacMusicDownloader/WebSourceCode/src/Netease/module/send_text.js
12,1,./parser/test_scripts/QQFlacMusicDownloader/WebSourceCode/src/Netease/module/setting.js
21,1,./parser/test_scripts/QQFlacMusicDownloader/WebSourceCode/src/Netease/module/share_resource.js
21,1,./parser/test_scripts/QQFlacMusicDownloader/WebSourceCode/src/Netease/module/sheet_list.js
20,1,./parser/test_scripts/QQFlacMusicDownloader/WebSourceCode/src/Netease/module/sheet_preview.js
19,1,./parser/test_scripts/QQFlacMusicDownloader/WebSourceCode/src/Netease/module/signin_progress.js
10,1,./parser/test_scripts/QQFlacMusicDownloader/WebSourceCode/src/Netease/module/sign_happy_info.js
19,1,./parser/test_scripts/QQFlacMusicDownloader/WebSourceCode/src/Netease/module/simi_artist.js
14,1,./parser/test_scripts/QQFlacMusicDownloader/WebSourceCode/src/Netease/module/simi_mv.js
21,1,./parser/test_scripts/QQFlacMusicDownloader/WebSourceCode/src/Netease/module/simi_playlist.js
21,1,./parser/test_scripts/QQFlacMusicDownloader/WebSourceCode/src/Netease/module/simi_song.js
21,1,./parser/test_scripts/QQFlacMusicDownloader/WebSourceCode/src/Netease/module/simi_user.js
15,1,./parser/test_scripts/QQFlacMusicDownloader/WebSourceCode/src/Netease/module/song_detail.js
21,1,./parser/test_scripts/QQFlacMusicDownloader/WebSourceCode/src/Netease/module/song_download_url.js
23,1,./parser/test_scripts/QQFlacMusicDownloader/WebSourceCode/src/Netease/module/song_order_update.js
20,1,./parser/test_scripts/QQFlacMusicDownloader/WebSourceCode/src/Netease/module/song_purchased.js
34,1,./parser/test_scripts/QQFlacMusicDownloader/WebSourceCode/src/Netease/module/song_url.js
31,1,./parser/test_scripts/QQFlacMusicDownloader/WebSourceCode/src/Netease/module/song_url_v1.js
20,1,./parser/test_scripts/QQFlacMusicDownloader/WebSourceCode/src/Netease/module/song_wiki_summary.js
23,1,./parser/test_scripts/QQFlacMusicDownloader/WebSourceCode/src/Netease/module/starpick_comments_summary.js
22,1,./parser/test_scripts/QQFlacMusicDownloader/WebSourceCode/src/Netease/module/style_album.js
22,1,./parser/test_scripts/QQFlacMusicDownloader/WebSourceCode/src/Netease/module/style_artist.js
19,1,./parser/test_scripts/QQFlacMusicDownloader/WebSourceCode/src/Netease/module/style_detail.js
12,1,./parser/test_scripts/QQFlacMusicDownloader/WebSourceCode/src/Netease/module/style_list.js
22,1,./parser/test_scripts/QQFlacMusicDownloader/WebSourceCode/src/Netease/module/style_playlist.js
17,1,./parser/test_scripts/QQFlacMusicDownloader/WebSourceCode/src/Netease/module/style_preference.js
22,1,./parser/test_scripts/QQFlacMusicDownloader/WebSourceCode/src/Netease/module/style_song.js
12,1,./parser/test_scripts/QQFlacMusicDownloader/WebSourceCode/src/Netease/module/topic_detail.js
12,1,./parser/test_scripts/QQFlacMusicDownloader/WebSourceCode/src/Netease/module/topic_detail_event_hot.js
16,1,./parser/test_scripts/QQFlacMusicDownloader/WebSourceCode/src/Netease/module/topic_sublist.js
16,1,./parser/test_scripts/QQFlacMusicDownloader/WebSourceCode/src/Netease/module/toplist.js
17,1,./parser/test_scripts/QQFlacMusicDownloader/WebSourceCode/src/Netease/module/toplist_artist.js
16,1,./parser/test_scripts/QQFlacMusicDownloader/WebSourceCode/src/Netease/module/toplist_detail.js
28,1,./parser/test_scripts/QQFlacMusicDownloader/WebSourceCode/src/Netease/module/top_album.js
16,1,./parser/test_scripts/QQFlacMusicDownloader/WebSourceCode/src/Netease/module/top_artists.js
31,1,./parser/test_scripts/QQFlacMusicDownloader/WebSourceCode/src/Netease/module/top_list.js
17,1,./parser/test_scripts/QQFlacMusicDownloader/WebSourceCode/src/Netease/module/top_mv.js
18,1,./parser/test_scripts/QQFlacMusicDownloader/WebSourceCode/src/Netease/module/top_playlist.js
22,1,./parser/test_scripts/QQFlacMusicDownloader/WebSourceCode/src/Netease/module/top_playlist_highquality.js
22,1,./parser/test_scripts/QQFlacMusicDownloader/WebSourceCode/src/Netease/module/top_song.js
10,1,./parser/test_scripts/QQFlacMusicDownloader/WebSourceCode/src/Netease/module/user_account.js
19,1,./parser/test_scripts/QQFlacMusicDownloader/WebSourceCode/src/Netease/module/user_audio.js
15,1,./parser/test_scripts/QQFlacMusicDownloader/WebSourceCode/src/Netease/module/user_binding.js
22,1,./parser/test_scripts/QQFlacMusicDownloader/WebSourceCode/src/Netease/module/user_bindingcellphone.js
15,1,./parser/test_scripts/QQFlacMusicDownloader/WebSourceCode/src/Netease/module/user_cloud.js
14,1,./parser/test_scripts/QQFlacMusicDownloader/WebSourceCode/src/Netease/module/user_cloud_del.js
20,1,./parser/test_scripts/QQFlacMusicDownloader/WebSourceCode/src/Netease/module/user_cloud_detail.js
23,1,./parser/test_scripts/QQFlacMusicDownloader/WebSourceCode/src/Netease/module/user_comment_history.js
16,1,./parser/test_scripts/QQFlacMusicDownloader/WebSourceCode/src/Netease/module/user_detail.js
20,1,./parser/test_scripts/QQFlacMusicDownloader/WebSourceCode/src/Netease/module/user_dj.js
24,1,./parser/test_scripts/QQFlacMusicDownloader/WebSourceCode/src/Netease/module/user_event.js
24,1,./parser/test_scripts/QQFlacMusicDownloader/WebSourceCode/src/Netease/module/user_followeds.js
21,1,./parser/test_scripts/QQFlacMusicDownloader/WebSourceCode/src/Netease/module/user_follows.js
12,1,./parser/test_scripts/QQFlacMusicDownloader/WebSourceCode/src/Netease/module/user_level.js
17,1,./parser/test_scripts/QQFlacMusicDownloader/WebSourceCode/src/Netease/module/user_playlist.js
15,1,./parser/test_scripts/QQFlacMusicDownloader/WebSourceCode/src/Netease/module/user_record.js
20,1,./parser/test_scripts/QQFlacMusicDownloader/WebSourceCode/src/Netease/module/user_replacephone.js
16,1,./parser/test_scripts/QQFlacMusicDownloader/WebSourceCode/src/Netease/module/user_subcount.js
25,1,./parser/test_scripts/QQFlacMusicDownloader/WebSourceCode/src/Netease/module/user_update.js
43,1,./parser/test_scripts/QQFlacMusicDownloader/WebSourceCode/src/Netease/module/verify_getQr.js
18,1,./parser/test_scripts/QQFlacMusicDownloader/WebSourceCode/src/Netease/module/verify_qrcodestatus.js
21,1,./parser/test_scripts/QQFlacMusicDownloader/WebSourceCode/src/Netease/module/video_category_list.js
19,1,./parser/test_scripts/QQFlacMusicDownloader/WebSourceCode/src/Netease/module/video_detail.js
20,1,./parser/test_scripts/QQFlacMusicDownloader/WebSourceCode/src/Netease/module/video_detail_info.js
22,1,./parser/test_scripts/QQFlacMusicDownloader/WebSourceCode/src/Netease/module/video_group.js
17,1,./parser/test_scripts/QQFlacMusicDownloader/WebSourceCode/src/Netease/module/video_group_list.js
20,1,./parser/test_scripts/QQFlacMusicDownloader/WebSourceCode/src/Netease/module/video_sub.js
23,1,./parser/test_scripts/QQFlacMusicDownloader/WebSourceCode/src/Netease/module/video_timeline_all.js
18,1,./parser/test_scripts/QQFlacMusicDownloader/WebSourceCode/src/Netease/module/video_timeline_recommend.js
20,1,./parser/test_scripts/QQFlacMusicDownloader/WebSourceCode/src/Netease/module/video_url.js
17,1,./parser/test_scripts/QQFlacMusicDownloader/WebSourceCode/src/Netease/module/vip_growthpoint.js
20,1,./parser/test_scripts/QQFlacMusicDownloader/WebSourceCode/src/Netease/module/vip_growthpoint_details.js
19,1,./parser/test_scripts/QQFlacMusicDownloader/WebSourceCode/src/Netease/module/vip_growthpoint_get.js
18,1,./parser/test_scripts/QQFlacMusicDownloader/WebSourceCode/src/Netease/module/vip_info.js
18,1,./parser/test_scripts/QQFlacMusicDownloader/WebSourceCode/src/Netease/module/vip_info_v2.js
17,1,./parser/test_scripts/QQFlacMusicDownloader/WebSourceCode/src/Netease/module/vip_tasks.js
23,1,./parser/test_scripts/QQFlacMusicDownloader/WebSourceCode/src/Netease/module/vip_timemachine.js
19,1,./parser/test_scripts/QQFlacMusicDownloader/WebSourceCode/src/Netease/module/voicelist_list.js
20,1,./parser/test_scripts/QQFlacMusicDownloader/WebSourceCode/src/Netease/module/voicelist_search.js
172,2,./parser/test_scripts/QQFlacMusicDownloader/WebSourceCode/src/Netease/module/voice_upload.js
16,1,./parser/test_scripts/QQFlacMusicDownloader/WebSourceCode/src/Netease/module/weblog.js
11,1,./parser/test_scripts/QQFlacMusicDownloader/WebSourceCode/src/Netease/module/yunbei.js
18,1,./parser/test_scripts/QQFlacMusicDownloader/WebSourceCode/src/Netease/module/yunbei_expense.js
10,1,./parser/test_scripts/QQFlacMusicDownloader/WebSourceCode/src/Netease/module/yunbei_info.js
23,1,./parser/test_scripts/QQFlacMusicDownloader/WebSourceCode/src/Netease/module/yunbei_rcmd_song.js
22,1,./parser/test_scripts/QQFlacMusicDownloader/WebSourceCode/src/Netease/module/yunbei_rcmd_song_history.js
18,1,./parser/test_scripts/QQFlacMusicDownloader/WebSourceCode/src/Netease/module/yunbei_receipt.js
12,1,./parser/test_scripts/QQFlacMusicDownloader/WebSourceCode/src/Netease/module/yunbei_sign.js
15,1,./parser/test_scripts/QQFlacMusicDownloader/WebSourceCode/src/Netease/module/yunbei_tasks.js
15,1,./parser/test_scripts/QQFlacMusicDownloader/WebSourceCode/src/Netease/module/yunbei_tasks_todo.js
18,1,./parser/test_scripts/QQFlacMusicDownloader/WebSourceCode/src/Netease/module/yunbei_task_finish.js
10,1,./parser/test_scripts/QQFlacMusicDownloader/WebSourceCode/src/Netease/module/yunbei_today.js
21,1,./parser/test_scripts/QQFlacMusicDownloader/WebSourceCode/src/Netease/module_example/avatar_upload.js
105,4,./parser/test_scripts/QQFlacMusicDownloader/WebSourceCode/src/Netease/module_example/multi_song_upload.js
24,1,./parser/test_scripts/QQFlacMusicDownloader/WebSourceCode/src/Netease/module_example/song_upload.js
32,1,./parser/test_scripts/QQFlacMusicDownloader/WebSourceCode/src/Netease/module_example/test.js
49,1,./parser/test_scripts/QQFlacMusicDownloader/WebSourceCode/src/Netease/plugins/upload.js
1665,120,./parser/test_scripts/QQFlacMusicDownloader/WebSourceCode/src/Netease/public/audio_match_demo/afp.js
50,1,./parser/test_scripts/QQFlacMusicDownloader/WebSourceCode/src/Netease/public/audio_match_demo/rec.js
36,0,./parser/test_scripts/QQFlacMusicDownloader/WebSourceCode/src/Netease/server.test.js
27,0,./parser/test_scripts/QQFlacMusicDownloader/WebSourceCode/src/Netease/test/album.test.js
27,0,./parser/test_scripts/QQFlacMusicDownloader/WebSourceCode/src/Netease/test/comment.test.js
27,0,./parser/test_scripts/QQFlacMusicDownloader/WebSourceCode/src/Netease/test/lyric.test.js
28,0,./parser/test_scripts/QQFlacMusicDownloader/WebSourceCode/src/Netease/test/music_url.test.js
27,0,./parser/test_scripts/QQFlacMusicDownloader/WebSourceCode/src/Netease/test/search.test.js
830,41,./parser/test_scripts/QQFlacMusicDownloader/WebSourceCode/src/Netease/util/apicache.js
68,6,./parser/test_scripts/QQFlacMusicDownloader/WebSourceCode/src/Netease/util/crypto.js
25,0,./parser/test_scripts/QQFlacMusicDownloader/WebSourceCode/src/Netease/util/index.js
64,6,./parser/test_scripts/QQFlacMusicDownloader/WebSourceCode/src/Netease/util/memory-cache.js
209,18,./parser/test_scripts/QQFlacMusicDownloader/WebSourceCode/src/utils/kw.js
1099,20,./parser/test_scripts/QQFlacMusicDownloader/WebSourceCode/src/utils/MyMP3.js
