create_zip,10,./parser/test_scripts/ChineseBQB/build.js,17
create_bqb_md,13,./parser/test_scripts/ChineseBQB/build.js,63
get_bqb_md_name_list,20,./parser/test_scripts/ChineseBQB/build.js,118
get_images_src,14,./parser/test_scripts/ChineseBQB/build.js,131
image_to_md_info,16,./parser/test_scripts/ChineseBQB/build.js,154
md_info_replace_more_info,25,./parser/test_scripts/ChineseBQB/build.js,168
main,4,./parser/test_scripts/ChineseBQB/build.js,312
exports,7,./parser/test_scripts/ChineseBQB/cdn/clipboard.min.js,7
n,1,./parser/test_scripts/ChineseBQB/cdn/clipboard.min.js,7
r,1,./parser/test_scripts/ChineseBQB/cdn/clipboard.min.js,7
exports,7,./parser/test_scripts/ChineseBQB/cdn/clipboard.min.js,7
node,4,./parser/test_scripts/ChineseBQB/cdn/clipboard.min.js,7
nodeList,8,./parser/test_scripts/ChineseBQB/cdn/clipboard.min.js,7
string,6,./parser/test_scripts/ChineseBQB/cdn/clipboard.min.js,7
fn,2,./parser/test_scripts/ChineseBQB/cdn/clipboard.min.js,7
i,1,./parser/test_scripts/ChineseBQB/cdn/clipboard.min.js,7
exports,7,./parser/test_scripts/ChineseBQB/cdn/clipboard.min.js,7
exports,7,./parser/test_scripts/ChineseBQB/cdn/clipboard.min.js,7
a,1,./parser/test_scripts/ChineseBQB/cdn/clipboard.min.js,7
c,1,./parser/test_scripts/ChineseBQB/cdn/clipboard.min.js,7
fakeHandlerCallback,19,./parser/test_scripts/ChineseBQB/cdn/clipboard.min.js,7
p,1,./parser/test_scripts/ChineseBQB/cdn/clipboard.min.js,7
y,1,./parser/test_scripts/ChineseBQB/cdn/clipboard.min.js,7
v,1,./parser/test_scripts/ChineseBQB/cdn/clipboard.min.js,7
b,1,./parser/test_scripts/ChineseBQB/cdn/clipboard.min.js,7
d,1,./parser/test_scripts/ChineseBQB/cdn/clipboard.min.js,7
r,1,./parser/test_scripts/ChineseBQB/cdn/clipboard.min.js,7
t,1,./parser/test_scripts/ChineseBQB/cdn/clipboard.min.js,7
n,1,./parser/test_scripts/ChineseBQB/cdn/clipboard.min.js,7
o,1,./parser/test_scripts/ChineseBQB/cdn/clipboard.min.js,7
r,1,./parser/test_scripts/ChineseBQB/cdn/clipboard.min.js,7
__webpack_require__,19,./parser/test_scripts/ChineseBQB/cdn/dialog.bundle.js,6
i,1,./parser/test_scripts/ChineseBQB/cdn/dialog.bundle.js,37
d,1,./parser/test_scripts/ChineseBQB/cdn/dialog.bundle.js,40
getDefault,10,./parser/test_scripts/ChineseBQB/cdn/dialog.bundle.js,53
getModuleExports,16,./parser/test_scripts/ChineseBQB/cdn/dialog.bundle.js,54
n,1,./parser/test_scripts/ChineseBQB/cdn/dialog.bundle.js,51
o,1,./parser/test_scripts/ChineseBQB/cdn/dialog.bundle.js,60
Dialog,6,./parser/test_scripts/ChineseBQB/cdn/dialog.bundle.js,74
render,6,./parser/test_scripts/ChineseBQB/cdn/dialog.bundle.js,105
renderUI,8,./parser/test_scripts/ChineseBQB/cdn/dialog.bundle.js,120
clickDom,8,./parser/test_scripts/ChineseBQB/cdn/dialog.bundle.js,145
initBox,7,./parser/test_scripts/ChineseBQB/cdn/dialog.bundle.js,152
successRender,13,./parser/test_scripts/ChineseBQB/cdn/dialog.bundle.js,162
loadRender,10,./parser/test_scripts/ChineseBQB/cdn/dialog.bundle.js,174
tipRender,9,./parser/test_scripts/ChineseBQB/cdn/dialog.bundle.js,192
errorRender,11,./parser/test_scripts/ChineseBQB/cdn/dialog.bundle.js,201
close,5,./parser/test_scripts/ChineseBQB/cdn/dialog.bundle.js,215
destroy,7,./parser/test_scripts/ChineseBQB/cdn/dialog.bundle.js,222
Dialog,6,./parser/test_scripts/ChineseBQB/cdn/dialog.js,2
render,6,./parser/test_scripts/ChineseBQB/cdn/dialog.js,33
renderUI,8,./parser/test_scripts/ChineseBQB/cdn/dialog.js,48
clickDom,8,./parser/test_scripts/ChineseBQB/cdn/dialog.js,73
initBox,7,./parser/test_scripts/ChineseBQB/cdn/dialog.js,80
successRender,13,./parser/test_scripts/ChineseBQB/cdn/dialog.js,90
loadRender,10,./parser/test_scripts/ChineseBQB/cdn/dialog.js,102
tipRender,9,./parser/test_scripts/ChineseBQB/cdn/dialog.js,120
errorRender,11,./parser/test_scripts/ChineseBQB/cdn/dialog.js,129
close,5,./parser/test_scripts/ChineseBQB/cdn/dialog.js,143
destroy,7,./parser/test_scripts/ChineseBQB/cdn/dialog.js,150
e,1,./parser/test_scripts/ChineseBQB/cdn/material.min.js,8
t,1,./parser/test_scripts/ChineseBQB/cdn/material.min.js,8
e,1,./parser/test_scripts/ChineseBQB/cdn/material.min.js,8
t,1,./parser/test_scripts/ChineseBQB/cdn/material.min.js,8
s,1,./parser/test_scripts/ChineseBQB/cdn/material.min.js,8
i,1,./parser/test_scripts/ChineseBQB/cdn/material.min.js,8
n,1,./parser/test_scripts/ChineseBQB/cdn/material.min.js,8
a,1,./parser/test_scripts/ChineseBQB/cdn/material.min.js,8
l,1,./parser/test_scripts/ChineseBQB/cdn/material.min.js,8
o,1,./parser/test_scripts/ChineseBQB/cdn/material.min.js,8
r,1,./parser/test_scripts/ChineseBQB/cdn/material.min.js,8
d,1,./parser/test_scripts/ChineseBQB/cdn/material.min.js,8
_,1,./parser/test_scripts/ChineseBQB/cdn/material.min.js,8
t,1,./parser/test_scripts/ChineseBQB/cdn/material.min.js,8
h,1,./parser/test_scripts/ChineseBQB/cdn/material.min.js,8
upgradeElement,14,./parser/test_scripts/ChineseBQB/cdn/material.min.js,8
register,8,./parser/test_scripts/ChineseBQB/cdn/material.min.js,8
now,3,./parser/test_scripts/ChineseBQB/cdn/material.min.js,8
requestAnimationFrame,21,./parser/test_scripts/ChineseBQB/cdn/material.min.js,8
o,1,./parser/test_scripts/ChineseBQB/cdn/material.min.js,8
blurHandler_,12,./parser/test_scripts/ChineseBQB/cdn/material.min.js,8
disable,7,./parser/test_scripts/ChineseBQB/cdn/material.min.js,8
enable,6,./parser/test_scripts/ChineseBQB/cdn/material.min.js,8
init,4,./parser/test_scripts/ChineseBQB/cdn/material.min.js,8
mdlDowngrade_,13,./parser/test_scripts/ChineseBQB/cdn/material.min.js,8
r,1,./parser/test_scripts/ChineseBQB/cdn/material.min.js,8
onChange_,9,./parser/test_scripts/ChineseBQB/cdn/material.min.js,8
onFocus_,8,./parser/test_scripts/ChineseBQB/cdn/material.min.js,8
onBlur_,7,./parser/test_scripts/ChineseBQB/cdn/material.min.js,8
onMouseUp_,10,./parser/test_scripts/ChineseBQB/cdn/material.min.js,8
updateClasses_,14,./parser/test_scripts/ChineseBQB/cdn/material.min.js,8
blur_,5,./parser/test_scripts/ChineseBQB/cdn/material.min.js,8
checkToggleState,16,./parser/test_scripts/ChineseBQB/cdn/material.min.js,8
checkDisabled,13,./parser/test_scripts/ChineseBQB/cdn/material.min.js,8
disable,7,./parser/test_scripts/ChineseBQB/cdn/material.min.js,8
enable,6,./parser/test_scripts/ChineseBQB/cdn/material.min.js,8
check,5,./parser/test_scripts/ChineseBQB/cdn/material.min.js,8
uncheck,7,./parser/test_scripts/ChineseBQB/cdn/material.min.js,8
init,4,./parser/test_scripts/ChineseBQB/cdn/material.min.js,8
mdlDowngrade_,13,./parser/test_scripts/ChineseBQB/cdn/material.min.js,8
d,1,./parser/test_scripts/ChineseBQB/cdn/material.min.js,8
onChange_,9,./parser/test_scripts/ChineseBQB/cdn/material.min.js,8
onFocus_,8,./parser/test_scripts/ChineseBQB/cdn/material.min.js,8
onBlur_,7,./parser/test_scripts/ChineseBQB/cdn/material.min.js,8
onMouseUp_,10,./parser/test_scripts/ChineseBQB/cdn/material.min.js,8
updateClasses_,14,./parser/test_scripts/ChineseBQB/cdn/material.min.js,8
blur_,5,./parser/test_scripts/ChineseBQB/cdn/material.min.js,8
checkToggleState,16,./parser/test_scripts/ChineseBQB/cdn/material.min.js,8
checkDisabled,13,./parser/test_scripts/ChineseBQB/cdn/material.min.js,8
disable,7,./parser/test_scripts/ChineseBQB/cdn/material.min.js,8
enable,6,./parser/test_scripts/ChineseBQB/cdn/material.min.js,8
check,5,./parser/test_scripts/ChineseBQB/cdn/material.min.js,8
uncheck,7,./parser/test_scripts/ChineseBQB/cdn/material.min.js,8
init,4,./parser/test_scripts/ChineseBQB/cdn/material.min.js,8
mdlDowngrade_,13,./parser/test_scripts/ChineseBQB/cdn/material.min.js,8
_,1,./parser/test_scripts/ChineseBQB/cdn/material.min.js,8
init,4,./parser/test_scripts/ChineseBQB/cdn/material.min.js,8
handleForClick_,15,./parser/test_scripts/ChineseBQB/cdn/material.min.js,8
handleForKeyboardEvent_,23,./parser/test_scripts/ChineseBQB/cdn/material.min.js,8
handleItemKeyboardEvent_,24,./parser/test_scripts/ChineseBQB/cdn/material.min.js,8
handleItemClick_,16,./parser/test_scripts/ChineseBQB/cdn/material.min.js,8
applyClip_,10,./parser/test_scripts/ChineseBQB/cdn/material.min.js,8
addAnimationEndListener_,24,./parser/test_scripts/ChineseBQB/cdn/material.min.js,8
show,4,./parser/test_scripts/ChineseBQB/cdn/material.min.js,8
hide,4,./parser/test_scripts/ChineseBQB/cdn/material.min.js,8
toggle,6,./parser/test_scripts/ChineseBQB/cdn/material.min.js,8
mdlDowngrade_,13,./parser/test_scripts/ChineseBQB/cdn/material.min.js,8
h,1,./parser/test_scripts/ChineseBQB/cdn/material.min.js,8
setProgress,11,./parser/test_scripts/ChineseBQB/cdn/material.min.js,8
setBuffer,9,./parser/test_scripts/ChineseBQB/cdn/material.min.js,8
init,4,./parser/test_scripts/ChineseBQB/cdn/material.min.js,8
mdlDowngrade_,13,./parser/test_scripts/ChineseBQB/cdn/material.min.js,8
p,1,./parser/test_scripts/ChineseBQB/cdn/material.min.js,8
onChange_,9,./parser/test_scripts/ChineseBQB/cdn/material.min.js,8
onFocus_,8,./parser/test_scripts/ChineseBQB/cdn/material.min.js,8
onBlur_,7,./parser/test_scripts/ChineseBQB/cdn/material.min.js,8
onMouseup_,10,./parser/test_scripts/ChineseBQB/cdn/material.min.js,8
updateClasses_,14,./parser/test_scripts/ChineseBQB/cdn/material.min.js,8
blur_,5,./parser/test_scripts/ChineseBQB/cdn/material.min.js,8
checkDisabled,13,./parser/test_scripts/ChineseBQB/cdn/material.min.js,8
checkToggleState,16,./parser/test_scripts/ChineseBQB/cdn/material.min.js,8
disable,7,./parser/test_scripts/ChineseBQB/cdn/material.min.js,8
enable,6,./parser/test_scripts/ChineseBQB/cdn/material.min.js,8
check,5,./parser/test_scripts/ChineseBQB/cdn/material.min.js,8
uncheck,7,./parser/test_scripts/ChineseBQB/cdn/material.min.js,8
init,4,./parser/test_scripts/ChineseBQB/cdn/material.min.js,8
mdlDowngrade_,13,./parser/test_scripts/ChineseBQB/cdn/material.min.js,8
c,1,./parser/test_scripts/ChineseBQB/cdn/material.min.js,8
onInput_,8,./parser/test_scripts/ChineseBQB/cdn/material.min.js,8
onChange_,9,./parser/test_scripts/ChineseBQB/cdn/material.min.js,8
onMouseUp_,10,./parser/test_scripts/ChineseBQB/cdn/material.min.js,8
onContainerMouseDown_,21,./parser/test_scripts/ChineseBQB/cdn/material.min.js,8
updateValueStyles_,18,./parser/test_scripts/ChineseBQB/cdn/material.min.js,8
disable,7,./parser/test_scripts/ChineseBQB/cdn/material.min.js,8
enable,6,./parser/test_scripts/ChineseBQB/cdn/material.min.js,8
change,6,./parser/test_scripts/ChineseBQB/cdn/material.min.js,8
init,4,./parser/test_scripts/ChineseBQB/cdn/material.min.js,8
mdlDowngrade_,13,./parser/test_scripts/ChineseBQB/cdn/material.min.js,9
u,1,./parser/test_scripts/ChineseBQB/cdn/material.min.js,9
createLayer,11,./parser/test_scripts/ChineseBQB/cdn/material.min.js,9
stop,4,./parser/test_scripts/ChineseBQB/cdn/material.min.js,9
start,5,./parser/test_scripts/ChineseBQB/cdn/material.min.js,9
init,4,./parser/test_scripts/ChineseBQB/cdn/material.min.js,9
C,1,./parser/test_scripts/ChineseBQB/cdn/material.min.js,9
onChange_,9,./parser/test_scripts/ChineseBQB/cdn/material.min.js,9
onFocus_,8,./parser/test_scripts/ChineseBQB/cdn/material.min.js,9
onBlur_,7,./parser/test_scripts/ChineseBQB/cdn/material.min.js,9
onMouseUp_,10,./parser/test_scripts/ChineseBQB/cdn/material.min.js,9
updateClasses_,14,./parser/test_scripts/ChineseBQB/cdn/material.min.js,9
blur_,5,./parser/test_scripts/ChineseBQB/cdn/material.min.js,9
checkDisabled,13,./parser/test_scripts/ChineseBQB/cdn/material.min.js,9
checkToggleState,16,./parser/test_scripts/ChineseBQB/cdn/material.min.js,9
disable,7,./parser/test_scripts/ChineseBQB/cdn/material.min.js,9
enable,6,./parser/test_scripts/ChineseBQB/cdn/material.min.js,9
on,2,./parser/test_scripts/ChineseBQB/cdn/material.min.js,9
off,3,./parser/test_scripts/ChineseBQB/cdn/material.min.js,9
init,4,./parser/test_scripts/ChineseBQB/cdn/material.min.js,9
mdlDowngrade_,13,./parser/test_scripts/ChineseBQB/cdn/material.min.js,9
m,1,./parser/test_scripts/ChineseBQB/cdn/material.min.js,9
initTabs_,9,./parser/test_scripts/ChineseBQB/cdn/material.min.js,9
resetTabState_,14,./parser/test_scripts/ChineseBQB/cdn/material.min.js,9
resetPanelState_,16,./parser/test_scripts/ChineseBQB/cdn/material.min.js,9
init,4,./parser/test_scripts/ChineseBQB/cdn/material.min.js,9
E,1,./parser/test_scripts/ChineseBQB/cdn/material.min.js,9
onKeyDown_,10,./parser/test_scripts/ChineseBQB/cdn/material.min.js,9
onFocus_,8,./parser/test_scripts/ChineseBQB/cdn/material.min.js,9
onBlur_,7,./parser/test_scripts/ChineseBQB/cdn/material.min.js,9
updateClasses_,14,./parser/test_scripts/ChineseBQB/cdn/material.min.js,9
checkDisabled,13,./parser/test_scripts/ChineseBQB/cdn/material.min.js,9
checkValidity,13,./parser/test_scripts/ChineseBQB/cdn/material.min.js,9
checkDirty,10,./parser/test_scripts/ChineseBQB/cdn/material.min.js,9
disable,7,./parser/test_scripts/ChineseBQB/cdn/material.min.js,9
enable,6,./parser/test_scripts/ChineseBQB/cdn/material.min.js,9
change,6,./parser/test_scripts/ChineseBQB/cdn/material.min.js,9
init,4,./parser/test_scripts/ChineseBQB/cdn/material.min.js,9
mdlDowngrade_,13,./parser/test_scripts/ChineseBQB/cdn/material.min.js,9
L,1,./parser/test_scripts/ChineseBQB/cdn/material.min.js,9
handleMouseEnter_,17,./parser/test_scripts/ChineseBQB/cdn/material.min.js,9
handleMouseLeave_,17,./parser/test_scripts/ChineseBQB/cdn/material.min.js,9
init,4,./parser/test_scripts/ChineseBQB/cdn/material.min.js,9
mdlDowngrade_,13,./parser/test_scripts/ChineseBQB/cdn/material.min.js,9
I,1,./parser/test_scripts/ChineseBQB/cdn/material.min.js,9
contentScrollHandler_,21,./parser/test_scripts/ChineseBQB/cdn/material.min.js,9
screenSizeHandler_,18,./parser/test_scripts/ChineseBQB/cdn/material.min.js,9
drawerToggleHandler_,20,./parser/test_scripts/ChineseBQB/cdn/material.min.js,9
headerTransitionEndHandler_,27,./parser/test_scripts/ChineseBQB/cdn/material.min.js,9
headerClickHandler_,19,./parser/test_scripts/ChineseBQB/cdn/material.min.js,9
resetTabState_,14,./parser/test_scripts/ChineseBQB/cdn/material.min.js,9
resetPanelState_,16,./parser/test_scripts/ChineseBQB/cdn/material.min.js,9
init,4,./parser/test_scripts/ChineseBQB/cdn/material.min.js,9
f,1,./parser/test_scripts/ChineseBQB/cdn/material.min.js,9
selectRow_,10,./parser/test_scripts/ChineseBQB/cdn/material.min.js,9
createCheckbox_,15,./parser/test_scripts/ChineseBQB/cdn/material.min.js,9
init,4,./parser/test_scripts/ChineseBQB/cdn/material.min.js,9
b,1,./parser/test_scripts/ChineseBQB/cdn/material.min.js,9
downHandler_,12,./parser/test_scripts/ChineseBQB/cdn/material.min.js,9
upHandler_,10,./parser/test_scripts/ChineseBQB/cdn/material.min.js,9
getFrameCount,13,./parser/test_scripts/ChineseBQB/cdn/material.min.js,9
setFrameCount,13,./parser/test_scripts/ChineseBQB/cdn/material.min.js,9
getRippleElement,16,./parser/test_scripts/ChineseBQB/cdn/material.min.js,9
setRippleXY,11,./parser/test_scripts/ChineseBQB/cdn/material.min.js,9
setRippleStyles,15,./parser/test_scripts/ChineseBQB/cdn/material.min.js,9
animFrameHandler,16,./parser/test_scripts/ChineseBQB/cdn/material.min.js,9
init,4,./parser/test_scripts/ChineseBQB/cdn/material.min.js,9
mdlDowngrade_,13,./parser/test_scripts/ChineseBQB/cdn/material.min.js,9
trim,4,./parser/test_scripts/ChineseBQB/cdn/zepto.min.js,4
reduce,6,./parser/test_scripts/ChineseBQB/cdn/zepto.min.js,4
v,1,./parser/test_scripts/ChineseBQB/cdn/zepto.min.js,4
w,1,./parser/test_scripts/ChineseBQB/cdn/zepto.min.js,4
x,1,./parser/test_scripts/ChineseBQB/cdn/zepto.min.js,4
y,1,./parser/test_scripts/ChineseBQB/cdn/zepto.min.js,4
z,1,./parser/test_scripts/ChineseBQB/cdn/zepto.min.js,4
A,1,./parser/test_scripts/ChineseBQB/cdn/zepto.min.js,4
B,1,./parser/test_scripts/ChineseBQB/cdn/zepto.min.js,4
C,1,./parser/test_scripts/ChineseBQB/cdn/zepto.min.js,4
D,1,./parser/test_scripts/ChineseBQB/cdn/zepto.min.js,4
E,1,./parser/test_scripts/ChineseBQB/cdn/zepto.min.js,4
F,1,./parser/test_scripts/ChineseBQB/cdn/zepto.min.js,4
G,1,./parser/test_scripts/ChineseBQB/cdn/zepto.min.js,4
H,1,./parser/test_scripts/ChineseBQB/cdn/zepto.min.js,4
I,1,./parser/test_scripts/ChineseBQB/cdn/zepto.min.js,4
J,1,./parser/test_scripts/ChineseBQB/cdn/zepto.min.js,4
K,1,./parser/test_scripts/ChineseBQB/cdn/zepto.min.js,4
L,1,./parser/test_scripts/ChineseBQB/cdn/zepto.min.js,4
M,1,./parser/test_scripts/ChineseBQB/cdn/zepto.min.js,4
N,1,./parser/test_scripts/ChineseBQB/cdn/zepto.min.js,4
extend,6,./parser/test_scripts/ChineseBQB/cdn/zepto.min.js,4
map,3,./parser/test_scripts/ChineseBQB/cdn/zepto.min.js,4
each,4,./parser/test_scripts/ChineseBQB/cdn/zepto.min.js,4
a,1,./parser/test_scripts/ChineseBQB/cdn/zepto.min.js,4
b,1,./parser/test_scripts/ChineseBQB/cdn/zepto.min.js,4
a,1,./parser/test_scripts/ChineseBQB/cdn/zepto.min.js,4
c,1,./parser/test_scripts/ChineseBQB/cdn/zepto.min.js,4
f,1,./parser/test_scripts/ChineseBQB/cdn/zepto.min.js,4
g,1,./parser/test_scripts/ChineseBQB/cdn/zepto.min.js,4
h,1,./parser/test_scripts/ChineseBQB/cdn/zepto.min.js,4
i,1,./parser/test_scripts/ChineseBQB/cdn/zepto.min.js,4
j,1,./parser/test_scripts/ChineseBQB/cdn/zepto.min.js,4
j,1,./parser/test_scripts/ChineseBQB/cdn/zepto.min.js,4
k,1,./parser/test_scripts/ChineseBQB/cdn/zepto.min.js,4
l,1,./parser/test_scripts/ChineseBQB/cdn/zepto.min.js,4
a,1,./parser/test_scripts/ChineseBQB/cdn/zepto.min.js,4
p,1,./parser/test_scripts/ChineseBQB/cdn/zepto.min.js,4
preventDefault,14,./parser/test_scripts/ChineseBQB/cdn/zepto.min.js,4
q,1,./parser/test_scripts/ChineseBQB/cdn/zepto.min.js,4
bind,4,./parser/test_scripts/ChineseBQB/cdn/zepto.min.js,4
unbind,6,./parser/test_scripts/ChineseBQB/cdn/zepto.min.js,4
one,3,./parser/test_scripts/ChineseBQB/cdn/zepto.min.js,4
m,1,./parser/test_scripts/ChineseBQB/cdn/zepto.min.js,4
n,1,./parser/test_scripts/ChineseBQB/cdn/zepto.min.js,4
delegate,8,./parser/test_scripts/ChineseBQB/cdn/zepto.min.js,4
undelegate,10,./parser/test_scripts/ChineseBQB/cdn/zepto.min.js,4
live,4,./parser/test_scripts/ChineseBQB/cdn/zepto.min.js,4
die,3,./parser/test_scripts/ChineseBQB/cdn/zepto.min.js,4
on,2,./parser/test_scripts/ChineseBQB/cdn/zepto.min.js,4
off,3,./parser/test_scripts/ChineseBQB/cdn/zepto.min.js,4
trigger,7,./parser/test_scripts/ChineseBQB/cdn/zepto.min.js,4
triggerHandler,14,./parser/test_scripts/ChineseBQB/cdn/zepto.min.js,4
b,1,./parser/test_scripts/ChineseBQB/cdn/zepto.min.js,4
b,1,./parser/test_scripts/ChineseBQB/cdn/zepto.min.js,4
Event,5,./parser/test_scripts/ChineseBQB/cdn/zepto.min.js,4
b,1,./parser/test_scripts/ChineseBQB/cdn/zepto.min.js,4
k,1,./parser/test_scripts/ChineseBQB/cdn/zepto.min.js,4
l,1,./parser/test_scripts/ChineseBQB/cdn/zepto.min.js,4
animate,7,./parser/test_scripts/ChineseBQB/cdn/zepto.min.js,4
anim,4,./parser/test_scripts/ChineseBQB/cdn/zepto.min.js,4
g,1,./parser/test_scripts/ChineseBQB/cdn/zepto.min.js,4
h,1,./parser/test_scripts/ChineseBQB/cdn/zepto.min.js,4
i,1,./parser/test_scripts/ChineseBQB/cdn/zepto.min.js,4
j,1,./parser/test_scripts/ChineseBQB/cdn/zepto.min.js,4
k,1,./parser/test_scripts/ChineseBQB/cdn/zepto.min.js,4
l,1,./parser/test_scripts/ChineseBQB/cdn/zepto.min.js,4
m,1,./parser/test_scripts/ChineseBQB/cdn/zepto.min.js,4
n,1,./parser/test_scripts/ChineseBQB/cdn/zepto.min.js,4
o,1,./parser/test_scripts/ChineseBQB/cdn/zepto.min.js,4
q,1,./parser/test_scripts/ChineseBQB/cdn/zepto.min.js,4
g,1,./parser/test_scripts/ChineseBQB/cdn/zepto.min.js,4
e,1,./parser/test_scripts/ChineseBQB/cdn/zepto.min.js,4
ajaxJSONP,9,./parser/test_scripts/ChineseBQB/cdn/zepto.min.js,4
onreadystatechange,18,./parser/test_scripts/ChineseBQB/cdn/zepto.min.js,4
ajax,4,./parser/test_scripts/ChineseBQB/cdn/zepto.min.js,4
get,3,./parser/test_scripts/ChineseBQB/cdn/zepto.min.js,4
post,4,./parser/test_scripts/ChineseBQB/cdn/zepto.min.js,4
getJSON,7,./parser/test_scripts/ChineseBQB/cdn/zepto.min.js,4
load,4,./parser/test_scripts/ChineseBQB/cdn/zepto.min.js,4
add,3,./parser/test_scripts/ChineseBQB/cdn/zepto.min.js,4
param,5,./parser/test_scripts/ChineseBQB/cdn/zepto.min.js,4
serializeArray,14,./parser/test_scripts/ChineseBQB/cdn/zepto.min.js,4
serialize,9,./parser/test_scripts/ChineseBQB/cdn/zepto.min.js,4
submit,6,./parser/test_scripts/ChineseBQB/cdn/zepto.min.js,4
d,1,./parser/test_scripts/ChineseBQB/cdn/zepto.min.js,4
e,1,./parser/test_scripts/ChineseBQB/cdn/zepto.min.js,4
g,1,./parser/test_scripts/ChineseBQB/cdn/zepto.min.js,4
b,1,./parser/test_scripts/ChineseBQB/cdn/zepto.min.js,4
get_md_file_list,16,./parser/test_scripts/ChineseBQB/chinesebqb-md/create_index.js,22
get_top_info,12,./parser/test_scripts/ChineseBQB/chinesebqb-md/create_index.js,44
create_index_info,17,./parser/test_scripts/ChineseBQB/chinesebqb-md/create_index.js,79
replace_index_info,18,./parser/test_scripts/ChineseBQB/chinesebqb-md/create_index.js,103
main,4,./parser/test_scripts/ChineseBQB/chinesebqb-md/create_index.js,128
change_img_url,14,./parser/test_scripts/ChineseBQB/chinesebqb-md/md_img_download.js,6
download_imgs_by_md,19,./parser/test_scripts/ChineseBQB/chinesebqb-md/md_img_download.js,25
create_dir,10,./parser/test_scripts/ChineseBQB/chinesebqb-md/md_img_download.js,49
backup_file,11,./parser/test_scripts/ChineseBQB/chinesebqb-md/md_img_download.js,58
init,4,./parser/test_scripts/ChineseBQB/chinesebqb-md/md_img_download.js,66
get_wordpress_token,19,./parser/test_scripts/ChineseBQB/chinesebqb-md/md_to_wordpress.js,16
get_md_filename_id_dic,22,./parser/test_scripts/ChineseBQB/chinesebqb-md/md_to_wordpress.js,67
get_all_md_file_pathname,24,./parser/test_scripts/ChineseBQB/chinesebqb-md/md_to_wordpress.js,133
get_md_file_name_title_content,30,./parser/test_scripts/ChineseBQB/chinesebqb-md/md_to_wordpress.js,165
sync_md_content_to_wordpress,28,./parser/test_scripts/ChineseBQB/chinesebqb-md/md_to_wordpress.js,203
update_post,11,./parser/test_scripts/ChineseBQB/chinesebqb-md/md_to_wordpress.js,242
create_new_post,15,./parser/test_scripts/ChineseBQB/chinesebqb-md/md_to_wordpress.js,283
post_get_id,11,./parser/test_scripts/ChineseBQB/chinesebqb-md/md_to_wordpress.js,333
get_top_info,12,./parser/test_scripts/ChineseBQB/chinesebqb-md/md_to_wordpress.js,352
create_category_and_return_id,29,./parser/test_scripts/ChineseBQB/chinesebqb-md/md_to_wordpress.js,398
get_categories_data,19,./parser/test_scripts/ChineseBQB/chinesebqb-md/md_to_wordpress.js,427
get_category_id,15,./parser/test_scripts/ChineseBQB/chinesebqb-md/md_to_wordpress.js,481
main,4,./parser/test_scripts/ChineseBQB/chinesebqb-md/md_to_wordpress.js,506
get_bqb_dir,11,./parser/test_scripts/ChineseBQB/create_bqb_image_list.js,7
get_json_data,13,./parser/test_scripts/ChineseBQB/create_bqb_image_list.js,26
main,4,./parser/test_scripts/ChineseBQB/create_bqb_image_list.js,85
Affix,5,./parser/test_scripts/ChineseBQB/docs/js/affix.js,21
getState,8,./parser/test_scripts/ChineseBQB/docs/js/affix.js,45
getPinnedOffset,15,./parser/test_scripts/ChineseBQB/docs/js/affix.js,67
checkPositionWithEventLoop,26,./parser/test_scripts/ChineseBQB/docs/js/affix.js,75
checkPosition,13,./parser/test_scripts/ChineseBQB/docs/js/affix.js,79
Plugin,6,./parser/test_scripts/ChineseBQB/docs/js/affix.js,125
noConflict,10,./parser/test_scripts/ChineseBQB/docs/js/affix.js,144
noConflict,10,./parser/test_scripts/ChineseBQB/docs/js/js.cookie.js,22
extend,6,./parser/test_scripts/ChineseBQB/docs/js/js.cookie.js,28
api,3,./parser/test_scripts/ChineseBQB/docs/js/js.cookie.js,41
get,3,./parser/test_scripts/ChineseBQB/docs/js/js.cookie.js,144
getJSON,7,./parser/test_scripts/ChineseBQB/docs/js/js.cookie.js,147
remove,6,./parser/test_scripts/ChineseBQB/docs/js/js.cookie.js,154
init,4,./parser/test_scripts/ChineseBQB/docs/js/js.cookie.js,40
SidebarToggleLine,17,./parser/test_scripts/ChineseBQB/docs/js/motion.js,28
init,4,./parser/test_scripts/ChineseBQB/docs/js/motion.js,41
arrow,5,./parser/test_scripts/ChineseBQB/docs/js/motion.js,44
close,5,./parser/test_scripts/ChineseBQB/docs/js/motion.js,47
transform,9,./parser/test_scripts/ChineseBQB/docs/js/motion.js,50
hasElement,10,./parser/test_scripts/ChineseBQB/docs/js/motion.js,231
getMistLineSettings,19,./parser/test_scripts/ChineseBQB/docs/js/motion.js,238
pushImageToSequence,19,./parser/test_scripts/ChineseBQB/docs/js/motion.js,249
complete,8,./parser/test_scripts/ChineseBQB/docs/js/motion.js,284
complete,8,./parser/test_scripts/ChineseBQB/docs/js/motion.js,330
postMotion,10,./parser/test_scripts/ChineseBQB/docs/js/motion.js,325
removeCurrentActiveClass,24,./parser/test_scripts/ChineseBQB/docs/js/post-details.js,10
initScrollSpy,13,./parser/test_scripts/ChineseBQB/docs/js/post-details.js,5
sidebar,7,./parser/test_scripts/ChineseBQB/docs/js/post-details.js,99
updateFooterPosition,20,./parser/test_scripts/ChineseBQB/docs/js/schemes/muse.js,2
getHeaderOffset,15,./parser/test_scripts/ChineseBQB/docs/js/schemes/pisces.js,8
getFooterOffset,15,./parser/test_scripts/ChineseBQB/docs/js/schemes/pisces.js,12
initAffix,9,./parser/test_scripts/ChineseBQB/docs/js/schemes/pisces.js,20
recalculateAffixPosition,24,./parser/test_scripts/ChineseBQB/docs/js/schemes/pisces.js,40
resizeListener,14,./parser/test_scripts/ChineseBQB/docs/js/schemes/pisces.js,46
ScrollSpy,9,./parser/test_scripts/ChineseBQB/docs/js/scrollspy.js,24
getScrollHeight,15,./parser/test_scripts/ChineseBQB/docs/js/scrollspy.js,45
refresh,7,./parser/test_scripts/ChineseBQB/docs/js/scrollspy.js,49
process,7,./parser/test_scripts/ChineseBQB/docs/js/scrollspy.js,86
activate,8,./parser/test_scripts/ChineseBQB/docs/js/scrollspy.js,117
clear,5,./parser/test_scripts/ChineseBQB/docs/js/scrollspy.js,139
Plugin,6,./parser/test_scripts/ChineseBQB/docs/js/scrollspy.js,147
noConflict,10,./parser/test_scripts/ChineseBQB/docs/js/scrollspy.js,165
initBackToTop,13,./parser/test_scripts/ChineseBQB/docs/js/utils.js,107
getDimension,12,./parser/test_scripts/ChineseBQB/docs/js/utils.js,149
getAspectRadio,14,./parser/test_scripts/ChineseBQB/docs/js/utils.js,156
wrapTable,9,./parser/test_scripts/ChineseBQB/docs/js/utils.js,300
updateSidebarHeight,19,./parser/test_scripts/ChineseBQB/docs/js/utils.js,308
initSidebarDimension,20,./parser/test_scripts/ChineseBQB/docs/js/utils.js,313
n,1,./parser/test_scripts/ChineseBQB/docs/lib/jquery/index.js,2
r,1,./parser/test_scripts/ChineseBQB/docs/lib/jquery/index.js,2
extend,6,./parser/test_scripts/ChineseBQB/docs/lib/jquery/index.js,2
s,1,./parser/test_scripts/ChineseBQB/docs/lib/jquery/index.js,2
B,1,./parser/test_scripts/ChineseBQB/docs/lib/jquery/index.js,2
J,1,./parser/test_scripts/ChineseBQB/docs/lib/jquery/index.js,2
db,2,./parser/test_scripts/ChineseBQB/docs/lib/jquery/index.js,2
eb,2,./parser/test_scripts/ChineseBQB/docs/lib/jquery/index.js,2
gb,2,./parser/test_scripts/ChineseBQB/docs/lib/jquery/index.js,2
b,1,./parser/test_scripts/ChineseBQB/docs/lib/jquery/index.js,2
hb,2,./parser/test_scripts/ChineseBQB/docs/lib/jquery/index.js,2
ib,2,./parser/test_scripts/ChineseBQB/docs/lib/jquery/index.js,2
jb,2,./parser/test_scripts/ChineseBQB/docs/lib/jquery/index.js,2
kb,2,./parser/test_scripts/ChineseBQB/docs/lib/jquery/index.js,2
lb,2,./parser/test_scripts/ChineseBQB/docs/lib/jquery/index.js,2
mb,2,./parser/test_scripts/ChineseBQB/docs/lib/jquery/index.js,2
nb,2,./parser/test_scripts/ChineseBQB/docs/lib/jquery/index.js,2
ob,2,./parser/test_scripts/ChineseBQB/docs/lib/jquery/index.js,2
pb,2,./parser/test_scripts/ChineseBQB/docs/lib/jquery/index.js,2
isXML,5,./parser/test_scripts/ChineseBQB/docs/lib/jquery/index.js,2
ID,2,./parser/test_scripts/ChineseBQB/docs/lib/jquery/index.js,2
ID,2,./parser/test_scripts/ChineseBQB/docs/lib/jquery/index.js,2
ID,2,./parser/test_scripts/ChineseBQB/docs/lib/jquery/index.js,2
setDocument,11,./parser/test_scripts/ChineseBQB/docs/lib/jquery/index.js,2
matches,7,./parser/test_scripts/ChineseBQB/docs/lib/jquery/index.js,2
matchesSelector,15,./parser/test_scripts/ChineseBQB/docs/lib/jquery/index.js,2
contains,8,./parser/test_scripts/ChineseBQB/docs/lib/jquery/index.js,2
attr,4,./parser/test_scripts/ChineseBQB/docs/lib/jquery/index.js,2
error,5,./parser/test_scripts/ChineseBQB/docs/lib/jquery/index.js,2
uniqueSort,10,./parser/test_scripts/ChineseBQB/docs/lib/jquery/index.js,2
getText,7,./parser/test_scripts/ChineseBQB/docs/lib/jquery/index.js,2
qb,2,./parser/test_scripts/ChineseBQB/docs/lib/jquery/index.js,2
tokenize,8,./parser/test_scripts/ChineseBQB/docs/lib/jquery/index.js,2
rb,2,./parser/test_scripts/ChineseBQB/docs/lib/jquery/index.js,2
sb,2,./parser/test_scripts/ChineseBQB/docs/lib/jquery/index.js,2
tb,2,./parser/test_scripts/ChineseBQB/docs/lib/jquery/index.js,2
ub,2,./parser/test_scripts/ChineseBQB/docs/lib/jquery/index.js,2
vb,2,./parser/test_scripts/ChineseBQB/docs/lib/jquery/index.js,2
wb,2,./parser/test_scripts/ChineseBQB/docs/lib/jquery/index.js,2
xb,2,./parser/test_scripts/ChineseBQB/docs/lib/jquery/index.js,2
f,1,./parser/test_scripts/ChineseBQB/docs/lib/jquery/index.js,2
yb,2,./parser/test_scripts/ChineseBQB/docs/lib/jquery/index.js,2
compile,7,./parser/test_scripts/ChineseBQB/docs/lib/jquery/index.js,2
select,6,./parser/test_scripts/ChineseBQB/docs/lib/jquery/index.js,2
x,1,./parser/test_scripts/ChineseBQB/docs/lib/jquery/index.js,2
filter,6,./parser/test_scripts/ChineseBQB/docs/lib/jquery/index.js,2
init,4,./parser/test_scripts/ChineseBQB/docs/lib/jquery/index.js,2
D,1,./parser/test_scripts/ChineseBQB/docs/lib/jquery/index.js,2
a,1,./parser/test_scripts/ChineseBQB/docs/lib/jquery/index.js,2
G,1,./parser/test_scripts/ChineseBQB/docs/lib/jquery/index.js,2
j,1,./parser/test_scripts/ChineseBQB/docs/lib/jquery/index.js,2
g,1,./parser/test_scripts/ChineseBQB/docs/lib/jquery/index.js,2
Callbacks,9,./parser/test_scripts/ChineseBQB/docs/lib/jquery/index.js,2
h,1,./parser/test_scripts/ChineseBQB/docs/lib/jquery/index.js,2
ready,5,./parser/test_scripts/ChineseBQB/docs/lib/jquery/index.js,2
I,1,./parser/test_scripts/ChineseBQB/docs/lib/jquery/index.js,2
promise,7,./parser/test_scripts/ChineseBQB/docs/lib/jquery/index.js,2
access,6,./parser/test_scripts/ChineseBQB/docs/lib/jquery/index.js,2
acceptData,10,./parser/test_scripts/ChineseBQB/docs/lib/jquery/index.js,2
K,1,./parser/test_scripts/ChineseBQB/docs/lib/jquery/index.js,2
P,1,./parser/test_scripts/ChineseBQB/docs/lib/jquery/index.js,2
g,1,./parser/test_scripts/ChineseBQB/docs/lib/jquery/index.js,3
h,1,./parser/test_scripts/ChineseBQB/docs/lib/jquery/index.js,3
S,1,./parser/test_scripts/ChineseBQB/docs/lib/jquery/index.js,3
Z,1,./parser/test_scripts/ChineseBQB/docs/lib/jquery/index.js,3
$,1,./parser/test_scripts/ChineseBQB/docs/lib/jquery/index.js,3
_,1,./parser/test_scripts/ChineseBQB/docs/lib/jquery/index.js,3
handle,6,./parser/test_scripts/ChineseBQB/docs/lib/jquery/index.js,3
removeEvent,11,./parser/test_scripts/ChineseBQB/docs/lib/jquery/index.js,3
Event,5,./parser/test_scripts/ChineseBQB/docs/lib/jquery/index.js,3
c,1,./parser/test_scripts/ChineseBQB/docs/lib/jquery/index.js,3
jb,2,./parser/test_scripts/ChineseBQB/docs/lib/jquery/index.js,3
kb,2,./parser/test_scripts/ChineseBQB/docs/lib/jquery/index.js,3
lb,2,./parser/test_scripts/ChineseBQB/docs/lib/jquery/index.js,3
mb,2,./parser/test_scripts/ChineseBQB/docs/lib/jquery/index.js,3
nb,2,./parser/test_scripts/ChineseBQB/docs/lib/jquery/index.js,3
ob,2,./parser/test_scripts/ChineseBQB/docs/lib/jquery/index.js,3
pb,2,./parser/test_scripts/ChineseBQB/docs/lib/jquery/index.js,3
a,1,./parser/test_scripts/ChineseBQB/docs/lib/jquery/index.js,3
sb,2,./parser/test_scripts/ChineseBQB/docs/lib/jquery/index.js,3
tb,2,./parser/test_scripts/ChineseBQB/docs/lib/jquery/index.js,3
wb,2,./parser/test_scripts/ChineseBQB/docs/lib/jquery/index.js,3
xb,2,./parser/test_scripts/ChineseBQB/docs/lib/jquery/index.js,3
yb,2,./parser/test_scripts/ChineseBQB/docs/lib/jquery/index.js,3
g,1,./parser/test_scripts/ChineseBQB/docs/lib/jquery/index.js,3
swap,4,./parser/test_scripts/ChineseBQB/docs/lib/jquery/index.js,3
Fb,2,./parser/test_scripts/ChineseBQB/docs/lib/jquery/index.js,3
Gb,2,./parser/test_scripts/ChineseBQB/docs/lib/jquery/index.js,3
Hb,2,./parser/test_scripts/ChineseBQB/docs/lib/jquery/index.js,3
Ib,2,./parser/test_scripts/ChineseBQB/docs/lib/jquery/index.js,3
Jb,2,./parser/test_scripts/ChineseBQB/docs/lib/jquery/index.js,3
Kb,2,./parser/test_scripts/ChineseBQB/docs/lib/jquery/index.js,3
Sb,2,./parser/test_scripts/ChineseBQB/docs/lib/jquery/index.js,3
Tb,2,./parser/test_scripts/ChineseBQB/docs/lib/jquery/index.js,3
Ub,2,./parser/test_scripts/ChineseBQB/docs/lib/jquery/index.js,3
fire,4,./parser/test_scripts/ChineseBQB/docs/lib/jquery/index.js,3
Vb,2,./parser/test_scripts/ChineseBQB/docs/lib/jquery/index.js,3
Wb,2,./parser/test_scripts/ChineseBQB/docs/lib/jquery/index.js,3
i,1,./parser/test_scripts/ChineseBQB/docs/lib/jquery/index.js,3
Xb,2,./parser/test_scripts/ChineseBQB/docs/lib/jquery/index.js,3
complete,8,./parser/test_scripts/ChineseBQB/docs/lib/jquery/index.js,3
speed,5,./parser/test_scripts/ChineseBQB/docs/lib/jquery/index.js,3
g,1,./parser/test_scripts/ChineseBQB/docs/lib/jquery/index.js,3
d,1,./parser/test_scripts/ChineseBQB/docs/lib/jquery/index.js,3
b,1,./parser/test_scripts/ChineseBQB/docs/lib/jquery/index.js,3
a,1,./parser/test_scripts/ChineseBQB/docs/lib/jquery/index.js,3
tick,4,./parser/test_scripts/ChineseBQB/docs/lib/jquery/index.js,3
timer,5,./parser/test_scripts/ChineseBQB/docs/lib/jquery/index.js,3
start,5,./parser/test_scripts/ChineseBQB/docs/lib/jquery/index.js,3
stop,4,./parser/test_scripts/ChineseBQB/docs/lib/jquery/index.js,3
stop,4,./parser/test_scripts/ChineseBQB/docs/lib/jquery/index.js,3
delay,5,./parser/test_scripts/ChineseBQB/docs/lib/jquery/index.js,3
b,1,./parser/test_scripts/ChineseBQB/docs/lib/jquery/index.js,4
get,3,./parser/test_scripts/ChineseBQB/docs/lib/jquery/index.js,4
b,1,./parser/test_scripts/ChineseBQB/docs/lib/jquery/index.js,4
parseJSON,9,./parser/test_scripts/ChineseBQB/docs/lib/jquery/index.js,4
parseXML,8,./parser/test_scripts/ChineseBQB/docs/lib/jquery/index.js,4
qc,2,./parser/test_scripts/ChineseBQB/docs/lib/jquery/index.js,4
g,1,./parser/test_scripts/ChineseBQB/docs/lib/jquery/index.js,4
rc,2,./parser/test_scripts/ChineseBQB/docs/lib/jquery/index.js,4
sc,2,./parser/test_scripts/ChineseBQB/docs/lib/jquery/index.js,4
tc,2,./parser/test_scripts/ChineseBQB/docs/lib/jquery/index.js,4
uc,2,./parser/test_scripts/ChineseBQB/docs/lib/jquery/index.js,4
x,1,./parser/test_scripts/ChineseBQB/docs/lib/jquery/index.js,4
b,1,./parser/test_scripts/ChineseBQB/docs/lib/jquery/index.js,4
_evalUrl,8,./parser/test_scripts/ChineseBQB/docs/lib/jquery/index.js,4
hidden,6,./parser/test_scripts/ChineseBQB/docs/lib/jquery/index.js,4
visible,7,./parser/test_scripts/ChineseBQB/docs/lib/jquery/index.js,4
Ac,2,./parser/test_scripts/ChineseBQB/docs/lib/jquery/index.js,4
e,1,./parser/test_scripts/ChineseBQB/docs/lib/jquery/index.js,4
param,5,./parser/test_scripts/ChineseBQB/docs/lib/jquery/index.js,4
xhr,3,./parser/test_scripts/ChineseBQB/docs/lib/jquery/index.js,4
e,1,./parser/test_scripts/ChineseBQB/docs/lib/jquery/index.js,4
parseHTML,9,./parser/test_scripts/ChineseBQB/docs/lib/jquery/index.js,4
load,4,./parser/test_scripts/ChineseBQB/docs/lib/jquery/index.js,4
b,1,./parser/test_scripts/ChineseBQB/docs/lib/jquery/index.js,4
animated,8,./parser/test_scripts/ChineseBQB/docs/lib/jquery/index.js,4
Jc,2,./parser/test_scripts/ChineseBQB/docs/lib/jquery/index.js,4
b,1,./parser/test_scripts/ChineseBQB/docs/lib/jquery/index.js,4
d,1,./parser/test_scripts/ChineseBQB/docs/lib/jquery/index.js,4
size,4,./parser/test_scripts/ChineseBQB/docs/lib/jquery/index.js,4
noConflict,10,./parser/test_scripts/ChineseBQB/docs/lib/jquery/index.js,4
$,1,./parser/test_scripts/ChineseBQB/docs/lib/velocity/velocity.js,24
isWindow,8,./parser/test_scripts/ChineseBQB/docs/lib/velocity/velocity.js,33
type,4,./parser/test_scripts/ChineseBQB/docs/lib/velocity/velocity.js,39
isArraylike,11,./parser/test_scripts/ChineseBQB/docs/lib/velocity/velocity.js,55
isPlainObject,13,./parser/test_scripts/ChineseBQB/docs/lib/velocity/velocity.js,75
each,4,./parser/test_scripts/ChineseBQB/docs/lib/velocity/velocity.js,98
data,4,./parser/test_scripts/ChineseBQB/docs/lib/velocity/velocity.js,147
removeData,10,./parser/test_scripts/ChineseBQB/docs/lib/velocity/velocity.js,172
extend,6,./parser/test_scripts/ChineseBQB/docs/lib/velocity/velocity.js,184
$makeArray,10,./parser/test_scripts/ChineseBQB/docs/lib/velocity/velocity.js,240
queue,5,./parser/test_scripts/ChineseBQB/docs/lib/velocity/velocity.js,239
dequeue,7,./parser/test_scripts/ChineseBQB/docs/lib/velocity/velocity.js,295
offsetParent,12,./parser/test_scripts/ChineseBQB/docs/lib/velocity/velocity.js,348
compactSparseArray,18,./parser/test_scripts/ChineseBQB/docs/lib/velocity/velocity.js,481
sanitizeElements,16,./parser/test_scripts/ChineseBQB/docs/lib/velocity/velocity.js,497
Data,4,./parser/test_scripts/ChineseBQB/docs/lib/velocity/velocity.js,671
generateStep,12,./parser/test_scripts/ChineseBQB/docs/lib/velocity/velocity.js,684
A,1,./parser/test_scripts/ChineseBQB/docs/lib/velocity/velocity.js,720
B,1,./parser/test_scripts/ChineseBQB/docs/lib/velocity/velocity.js,721
C,1,./parser/test_scripts/ChineseBQB/docs/lib/velocity/velocity.js,722
calcBezier,10,./parser/test_scripts/ChineseBQB/docs/lib/velocity/velocity.js,724
getSlope,8,./parser/test_scripts/ChineseBQB/docs/lib/velocity/velocity.js,728
newtonRaphsonIterate,20,./parser/test_scripts/ChineseBQB/docs/lib/velocity/velocity.js,732
calcSampleValues,16,./parser/test_scripts/ChineseBQB/docs/lib/velocity/velocity.js,745
binarySubdivide,15,./parser/test_scripts/ChineseBQB/docs/lib/velocity/velocity.js,751
getTForX,8,./parser/test_scripts/ChineseBQB/docs/lib/velocity/velocity.js,767
precompute,10,./parser/test_scripts/ChineseBQB/docs/lib/velocity/velocity.js,793
f,1,./parser/test_scripts/ChineseBQB/docs/lib/velocity/velocity.js,798
getControlPoints,16,./parser/test_scripts/ChineseBQB/docs/lib/velocity/velocity.js,807
toString,8,./parser/test_scripts/ChineseBQB/docs/lib/velocity/velocity.js,810
generateBezier,14,./parser/test_scripts/ChineseBQB/docs/lib/velocity/velocity.js,691
springAccelerationForState,26,./parser/test_scripts/ChineseBQB/docs/lib/velocity/velocity.js,819
springEvaluateStateWithDerivative,33,./parser/test_scripts/ChineseBQB/docs/lib/velocity/velocity.js,823
springIntegrateState,20,./parser/test_scripts/ChineseBQB/docs/lib/velocity/velocity.js,834
springRK4Factory,16,./parser/test_scripts/ChineseBQB/docs/lib/velocity/velocity.js,851
getEasing,9,./parser/test_scripts/ChineseBQB/docs/lib/velocity/velocity.js,943
transformName,13,./parser/test_scripts/ChineseBQB/docs/lib/velocity/velocity.js,1321
colorName,9,./parser/test_scripts/ChineseBQB/docs/lib/velocity/velocity.js,1393
revertDisplay,13,./parser/test_scripts/ChineseBQB/docs/lib/velocity/velocity.js,1639
computePropertyValue,20,./parser/test_scripts/ChineseBQB/docs/lib/velocity/velocity.js,1614
getTransformFloat,17,./parser/test_scripts/ChineseBQB/docs/lib/velocity/velocity.js,1885
hook,4,./parser/test_scripts/ChineseBQB/docs/lib/velocity/velocity.js,1962
getChain,8,./parser/test_scripts/ChineseBQB/docs/lib/velocity/velocity.js,2006
parsePropertyValue,18,./parser/test_scripts/ChineseBQB/docs/lib/velocity/velocity.js,2691
separateValue,13,./parser/test_scripts/ChineseBQB/docs/lib/velocity/velocity.js,2862
calculateUnitRatios,19,./parser/test_scripts/ChineseBQB/docs/lib/velocity/velocity.js,2944
buildQueue,10,./parser/test_scripts/ChineseBQB/docs/lib/velocity/velocity.js,2493
processElement,14,./parser/test_scripts/ChineseBQB/docs/lib/velocity/velocity.js,2348
animate,7,./parser/test_scripts/ChineseBQB/docs/lib/velocity/velocity.js,1999
tick,4,./parser/test_scripts/ChineseBQB/docs/lib/velocity/velocity.js,3340
completeCall,12,./parser/test_scripts/ChineseBQB/docs/lib/velocity/velocity.js,3595
begin,5,./parser/test_scripts/ChineseBQB/docs/lib/velocity/velocity.js,3793
complete,8,./parser/test_scripts/ChineseBQB/docs/lib/velocity/velocity.js,3812
complete,8,./parser/test_scripts/ChineseBQB/docs/lib/velocity/velocity.js,3839
t,1,./parser/test_scripts/ChineseBQB/docs/lib/velocity/velocity.min.js,3
$,1,./parser/test_scripts/ChineseBQB/docs/lib/velocity/velocity.min.js,3
isWindow,8,./parser/test_scripts/ChineseBQB/docs/lib/velocity/velocity.min.js,3
type,4,./parser/test_scripts/ChineseBQB/docs/lib/velocity/velocity.min.js,3
isPlainObject,13,./parser/test_scripts/ChineseBQB/docs/lib/velocity/velocity.min.js,3
each,4,./parser/test_scripts/ChineseBQB/docs/lib/velocity/velocity.min.js,3
data,4,./parser/test_scripts/ChineseBQB/docs/lib/velocity/velocity.min.js,3
removeData,10,./parser/test_scripts/ChineseBQB/docs/lib/velocity/velocity.min.js,3
extend,6,./parser/test_scripts/ChineseBQB/docs/lib/velocity/velocity.min.js,3
n,1,./parser/test_scripts/ChineseBQB/docs/lib/velocity/velocity.min.js,3
queue,5,./parser/test_scripts/ChineseBQB/docs/lib/velocity/velocity.min.js,3
dequeue,7,./parser/test_scripts/ChineseBQB/docs/lib/velocity/velocity.min.js,3
e,1,./parser/test_scripts/ChineseBQB/docs/lib/velocity/velocity.min.js,3
n,1,./parser/test_scripts/ChineseBQB/docs/lib/velocity/velocity.min.js,3
o,1,./parser/test_scripts/ChineseBQB/docs/lib/velocity/velocity.min.js,3
i,1,./parser/test_scripts/ChineseBQB/docs/lib/velocity/velocity.min.js,3
s,1,./parser/test_scripts/ChineseBQB/docs/lib/velocity/velocity.min.js,3
o,1,./parser/test_scripts/ChineseBQB/docs/lib/velocity/velocity.min.js,3
i,1,./parser/test_scripts/ChineseBQB/docs/lib/velocity/velocity.min.js,3
s,1,./parser/test_scripts/ChineseBQB/docs/lib/velocity/velocity.min.js,3
l,1,./parser/test_scripts/ChineseBQB/docs/lib/velocity/velocity.min.js,3
u,1,./parser/test_scripts/ChineseBQB/docs/lib/velocity/velocity.min.js,3
c,1,./parser/test_scripts/ChineseBQB/docs/lib/velocity/velocity.min.js,3
p,1,./parser/test_scripts/ChineseBQB/docs/lib/velocity/velocity.min.js,3
f,1,./parser/test_scripts/ChineseBQB/docs/lib/velocity/velocity.min.js,3
d,1,./parser/test_scripts/ChineseBQB/docs/lib/velocity/velocity.min.js,3
g,1,./parser/test_scripts/ChineseBQB/docs/lib/velocity/velocity.min.js,3
C,1,./parser/test_scripts/ChineseBQB/docs/lib/velocity/velocity.min.js,3
getControlPoints,16,./parser/test_scripts/ChineseBQB/docs/lib/velocity/velocity.min.js,3
toString,8,./parser/test_scripts/ChineseBQB/docs/lib/velocity/velocity.min.js,3
l,1,./parser/test_scripts/ChineseBQB/docs/lib/velocity/velocity.min.js,3
u,1,./parser/test_scripts/ChineseBQB/docs/lib/velocity/velocity.min.js,3
c,1,./parser/test_scripts/ChineseBQB/docs/lib/velocity/velocity.min.js,3
p,1,./parser/test_scripts/ChineseBQB/docs/lib/velocity/velocity.min.js,3
e,1,./parser/test_scripts/ChineseBQB/docs/lib/velocity/velocity.min.js,3
t,1,./parser/test_scripts/ChineseBQB/docs/lib/velocity/velocity.min.js,3
r,1,./parser/test_scripts/ChineseBQB/docs/lib/velocity/velocity.min.js,3
a,1,./parser/test_scripts/ChineseBQB/docs/lib/velocity/velocity.min.js,3
t,1,./parser/test_scripts/ChineseBQB/docs/lib/velocity/velocity.min.js,3
t,1,./parser/test_scripts/ChineseBQB/docs/lib/velocity/velocity.min.js,3
n,1,./parser/test_scripts/ChineseBQB/docs/lib/velocity/velocity.min.js,3
s,1,./parser/test_scripts/ChineseBQB/docs/lib/velocity/velocity.min.js,3
t,1,./parser/test_scripts/ChineseBQB/docs/lib/velocity/velocity.min.js,3
hook,4,./parser/test_scripts/ChineseBQB/docs/lib/velocity/velocity.min.js,3
e,1,./parser/test_scripts/ChineseBQB/docs/lib/velocity/velocity.min.js,3
p,1,./parser/test_scripts/ChineseBQB/docs/lib/velocity/velocity.min.js,3
f,1,./parser/test_scripts/ChineseBQB/docs/lib/velocity/velocity.min.js,3
d,1,./parser/test_scripts/ChineseBQB/docs/lib/velocity/velocity.min.js,3
e,1,./parser/test_scripts/ChineseBQB/docs/lib/velocity/velocity.min.js,3
n,1,./parser/test_scripts/ChineseBQB/docs/lib/velocity/velocity.min.js,3
S,1,./parser/test_scripts/ChineseBQB/docs/lib/velocity/velocity.min.js,3
begin,5,./parser/test_scripts/ChineseBQB/docs/lib/velocity/velocity.min.js,4
complete,8,./parser/test_scripts/ChineseBQB/docs/lib/velocity/velocity.min.js,4
greaterSemver,13,./parser/test_scripts/ChineseBQB/docs/lib/velocity/velocity.ui.js,36
animateParentHeight,19,./parser/test_scripts/ChineseBQB/docs/lib/velocity/velocity.ui.js,70
begin,5,./parser/test_scripts/ChineseBQB/docs/lib/velocity/velocity.ui.js,128
injectFinalCallbacks,20,./parser/test_scripts/ChineseBQB/docs/lib/velocity/velocity.ui.js,168
complete,8,./parser/test_scripts/ChineseBQB/docs/lib/velocity/velocity.ui.js,182
effectName,10,./parser/test_scripts/ChineseBQB/docs/lib/velocity/velocity.ui.js,97
RegisterUI,10,./parser/test_scripts/ChineseBQB/docs/lib/velocity/velocity.ui.js,68
timing,6,./parser/test_scripts/ChineseBQB/docs/lib/velocity/velocity.ui.js,740
RunSequence,11,./parser/test_scripts/ChineseBQB/docs/lib/velocity/velocity.ui.js,722
n,1,./parser/test_scripts/ChineseBQB/docs/lib/velocity/velocity.ui.min.js,2
e,1,./parser/test_scripts/ChineseBQB/docs/lib/velocity/velocity.ui.min.js,2
f,1,./parser/test_scripts/ChineseBQB/docs/lib/velocity/velocity.ui.min.js,2
begin,5,./parser/test_scripts/ChineseBQB/docs/lib/velocity/velocity.ui.min.js,2
complete,8,./parser/test_scripts/ChineseBQB/docs/lib/velocity/velocity.ui.min.js,2
t,1,./parser/test_scripts/ChineseBQB/docs/lib/velocity/velocity.ui.min.js,2
RegisterUI,10,./parser/test_scripts/ChineseBQB/docs/lib/velocity/velocity.ui.min.js,2
o,1,./parser/test_scripts/ChineseBQB/docs/lib/velocity/velocity.ui.min.js,2
RunSequence,11,./parser/test_scripts/ChineseBQB/docs/lib/velocity/velocity.ui.min.js,2
cp_readme_md,12,./parser/test_scripts/ChineseBQB/push.js,26
download_imgs_by_md,19,./parser/test_scripts/ChineseBQB/push.js,49
change_img_url,14,./parser/test_scripts/ChineseBQB/push.js,109
md_to_wordpress,15,./parser/test_scripts/ChineseBQB/push.js,146
create_index,12,./parser/test_scripts/ChineseBQB/push.js,164
main,4,./parser/test_scripts/ChineseBQB/push.js,187
update_data,11,./parser/test_scripts/ChineseBQB/rsync.js,29
get_md_file_list,16,./parser/test_scripts/ChineseBQB/rsync.js,68
local_file_href_2_https_href,28,./parser/test_scripts/ChineseBQB/rsync.js,89
local_href_2_https_href,23,./parser/test_scripts/ChineseBQB/rsync.js,136
md_and_img_chmodr,17,./parser/test_scripts/ChineseBQB/rsync.js,149
main,4,./parser/test_scripts/ChineseBQB/rsync.js,165
n,1,./parser/test_scripts/ChineseBQB/static/jquery.min.js,2
r,1,./parser/test_scripts/ChineseBQB/static/jquery.min.js,2
extend,6,./parser/test_scripts/ChineseBQB/static/jquery.min.js,2
s,1,./parser/test_scripts/ChineseBQB/static/jquery.min.js,2
B,1,./parser/test_scripts/ChineseBQB/static/jquery.min.js,2
J,1,./parser/test_scripts/ChineseBQB/static/jquery.min.js,2
ca,2,./parser/test_scripts/ChineseBQB/static/jquery.min.js,2
da,2,./parser/test_scripts/ChineseBQB/static/jquery.min.js,2
fa,2,./parser/test_scripts/ChineseBQB/static/jquery.min.js,2
b,1,./parser/test_scripts/ChineseBQB/static/jquery.min.js,2
ga,2,./parser/test_scripts/ChineseBQB/static/jquery.min.js,2
ha,2,./parser/test_scripts/ChineseBQB/static/jquery.min.js,2
ia,2,./parser/test_scripts/ChineseBQB/static/jquery.min.js,2
ja,2,./parser/test_scripts/ChineseBQB/static/jquery.min.js,2
ka,2,./parser/test_scripts/ChineseBQB/static/jquery.min.js,2
la,2,./parser/test_scripts/ChineseBQB/static/jquery.min.js,2
ma,2,./parser/test_scripts/ChineseBQB/static/jquery.min.js,2
na,2,./parser/test_scripts/ChineseBQB/static/jquery.min.js,2
oa,2,./parser/test_scripts/ChineseBQB/static/jquery.min.js,2
isXML,5,./parser/test_scripts/ChineseBQB/static/jquery.min.js,2
ID,2,./parser/test_scripts/ChineseBQB/static/jquery.min.js,2
ID,2,./parser/test_scripts/ChineseBQB/static/jquery.min.js,2
ID,2,./parser/test_scripts/ChineseBQB/static/jquery.min.js,2
setDocument,11,./parser/test_scripts/ChineseBQB/static/jquery.min.js,2
matches,7,./parser/test_scripts/ChineseBQB/static/jquery.min.js,2
matchesSelector,15,./parser/test_scripts/ChineseBQB/static/jquery.min.js,2
contains,8,./parser/test_scripts/ChineseBQB/static/jquery.min.js,2
attr,4,./parser/test_scripts/ChineseBQB/static/jquery.min.js,2
error,5,./parser/test_scripts/ChineseBQB/static/jquery.min.js,2
uniqueSort,10,./parser/test_scripts/ChineseBQB/static/jquery.min.js,2
getText,7,./parser/test_scripts/ChineseBQB/static/jquery.min.js,2
pa,2,./parser/test_scripts/ChineseBQB/static/jquery.min.js,2
tokenize,8,./parser/test_scripts/ChineseBQB/static/jquery.min.js,2
qa,2,./parser/test_scripts/ChineseBQB/static/jquery.min.js,2
ra,2,./parser/test_scripts/ChineseBQB/static/jquery.min.js,2
sa,2,./parser/test_scripts/ChineseBQB/static/jquery.min.js,2
ta,2,./parser/test_scripts/ChineseBQB/static/jquery.min.js,2
ua,2,./parser/test_scripts/ChineseBQB/static/jquery.min.js,2
va,2,./parser/test_scripts/ChineseBQB/static/jquery.min.js,2
wa,2,./parser/test_scripts/ChineseBQB/static/jquery.min.js,2
f,1,./parser/test_scripts/ChineseBQB/static/jquery.min.js,2
xa,2,./parser/test_scripts/ChineseBQB/static/jquery.min.js,2
compile,7,./parser/test_scripts/ChineseBQB/static/jquery.min.js,2
select,6,./parser/test_scripts/ChineseBQB/static/jquery.min.js,2
u,1,./parser/test_scripts/ChineseBQB/static/jquery.min.js,2
v,1,./parser/test_scripts/ChineseBQB/static/jquery.min.js,2
z,1,./parser/test_scripts/ChineseBQB/static/jquery.min.js,2
filter,6,./parser/test_scripts/ChineseBQB/static/jquery.min.js,2
init,4,./parser/test_scripts/ChineseBQB/static/jquery.min.js,2
F,1,./parser/test_scripts/ChineseBQB/static/jquery.min.js,2
a,1,./parser/test_scripts/ChineseBQB/static/jquery.min.js,2
H,1,./parser/test_scripts/ChineseBQB/static/jquery.min.js,2
i,1,./parser/test_scripts/ChineseBQB/static/jquery.min.js,2
d,1,./parser/test_scripts/ChineseBQB/static/jquery.min.js,2
Callbacks,9,./parser/test_scripts/ChineseBQB/static/jquery.min.js,2
h,1,./parser/test_scripts/ChineseBQB/static/jquery.min.js,2
ready,5,./parser/test_scripts/ChineseBQB/static/jquery.min.js,2
J,1,./parser/test_scripts/ChineseBQB/static/jquery.min.js,2
promise,7,./parser/test_scripts/ChineseBQB/static/jquery.min.js,2
K,1,./parser/test_scripts/ChineseBQB/static/jquery.min.js,2
L,1,./parser/test_scripts/ChineseBQB/static/jquery.min.js,2
M,1,./parser/test_scripts/ChineseBQB/static/jquery.min.js,2
R,1,./parser/test_scripts/ChineseBQB/static/jquery.min.js,2
g,1,./parser/test_scripts/ChineseBQB/static/jquery.min.js,3
h,1,./parser/test_scripts/ChineseBQB/static/jquery.min.js,3
V,1,./parser/test_scripts/ChineseBQB/static/jquery.min.js,3
W,1,./parser/test_scripts/ChineseBQB/static/jquery.min.js,3
_,1,./parser/test_scripts/ChineseBQB/static/jquery.min.js,3
aa,2,./parser/test_scripts/ChineseBQB/static/jquery.min.js,3
ca,2,./parser/test_scripts/ChineseBQB/static/jquery.min.js,3
ga,2,./parser/test_scripts/ChineseBQB/static/jquery.min.js,3
ha,2,./parser/test_scripts/ChineseBQB/static/jquery.min.js,3
ia,2,./parser/test_scripts/ChineseBQB/static/jquery.min.js,3
ja,2,./parser/test_scripts/ChineseBQB/static/jquery.min.js,3
handle,6,./parser/test_scripts/ChineseBQB/static/jquery.min.js,3
removeEvent,11,./parser/test_scripts/ChineseBQB/static/jquery.min.js,3
Event,5,./parser/test_scripts/ChineseBQB/static/jquery.min.js,3
pa,2,./parser/test_scripts/ChineseBQB/static/jquery.min.js,3
qa,2,./parser/test_scripts/ChineseBQB/static/jquery.min.js,3
ra,2,./parser/test_scripts/ChineseBQB/static/jquery.min.js,3
sa,2,./parser/test_scripts/ChineseBQB/static/jquery.min.js,3
ta,2,./parser/test_scripts/ChineseBQB/static/jquery.min.js,3
ua,2,./parser/test_scripts/ChineseBQB/static/jquery.min.js,3
va,2,./parser/test_scripts/ChineseBQB/static/jquery.min.js,3
a,1,./parser/test_scripts/ChineseBQB/static/jquery.min.js,3
ya,2,./parser/test_scripts/ChineseBQB/static/jquery.min.js,3
za,2,./parser/test_scripts/ChineseBQB/static/jquery.min.js,3
Ca,2,./parser/test_scripts/ChineseBQB/static/jquery.min.js,3
Da,2,./parser/test_scripts/ChineseBQB/static/jquery.min.js,3
i,1,./parser/test_scripts/ChineseBQB/static/jquery.min.js,3
Fa,2,./parser/test_scripts/ChineseBQB/static/jquery.min.js,3
Ga,2,./parser/test_scripts/ChineseBQB/static/jquery.min.js,3
Ma,2,./parser/test_scripts/ChineseBQB/static/jquery.min.js,3
Na,2,./parser/test_scripts/ChineseBQB/static/jquery.min.js,3
Oa,2,./parser/test_scripts/ChineseBQB/static/jquery.min.js,3
Pa,2,./parser/test_scripts/ChineseBQB/static/jquery.min.js,3
Qa,2,./parser/test_scripts/ChineseBQB/static/jquery.min.js,3
Ra,2,./parser/test_scripts/ChineseBQB/static/jquery.min.js,3
Wa,2,./parser/test_scripts/ChineseBQB/static/jquery.min.js,3
Xa,2,./parser/test_scripts/ChineseBQB/static/jquery.min.js,3
Ya,2,./parser/test_scripts/ChineseBQB/static/jquery.min.js,3
fire,4,./parser/test_scripts/ChineseBQB/static/jquery.min.js,3
Za,2,./parser/test_scripts/ChineseBQB/static/jquery.min.js,3
$a,2,./parser/test_scripts/ChineseBQB/static/jquery.min.js,3
i,1,./parser/test_scripts/ChineseBQB/static/jquery.min.js,3
_a,2,./parser/test_scripts/ChineseBQB/static/jquery.min.js,3
complete,8,./parser/test_scripts/ChineseBQB/static/jquery.min.js,3
speed,5,./parser/test_scripts/ChineseBQB/static/jquery.min.js,3
g,1,./parser/test_scripts/ChineseBQB/static/jquery.min.js,3
d,1,./parser/test_scripts/ChineseBQB/static/jquery.min.js,3
b,1,./parser/test_scripts/ChineseBQB/static/jquery.min.js,3
a,1,./parser/test_scripts/ChineseBQB/static/jquery.min.js,3
tick,4,./parser/test_scripts/ChineseBQB/static/jquery.min.js,3
timer,5,./parser/test_scripts/ChineseBQB/static/jquery.min.js,3
start,5,./parser/test_scripts/ChineseBQB/static/jquery.min.js,3
stop,4,./parser/test_scripts/ChineseBQB/static/jquery.min.js,3
stop,4,./parser/test_scripts/ChineseBQB/static/jquery.min.js,3
delay,5,./parser/test_scripts/ChineseBQB/static/jquery.min.js,3
b,1,./parser/test_scripts/ChineseBQB/static/jquery.min.js,3
fb,2,./parser/test_scripts/ChineseBQB/static/jquery.min.js,4
get,3,./parser/test_scripts/ChineseBQB/static/jquery.min.js,4
b,1,./parser/test_scripts/ChineseBQB/static/jquery.min.js,4
c,1,./parser/test_scripts/ChineseBQB/static/jquery.min.js,4
parseJSON,9,./parser/test_scripts/ChineseBQB/static/jquery.min.js,4
parseXML,8,./parser/test_scripts/ChineseBQB/static/jquery.min.js,4
wb,2,./parser/test_scripts/ChineseBQB/static/jquery.min.js,4
g,1,./parser/test_scripts/ChineseBQB/static/jquery.min.js,4
xb,2,./parser/test_scripts/ChineseBQB/static/jquery.min.js,4
yb,2,./parser/test_scripts/ChineseBQB/static/jquery.min.js,4
zb,2,./parser/test_scripts/ChineseBQB/static/jquery.min.js,4
Ab,2,./parser/test_scripts/ChineseBQB/static/jquery.min.js,4
z,1,./parser/test_scripts/ChineseBQB/static/jquery.min.js,4
b,1,./parser/test_scripts/ChineseBQB/static/jquery.min.js,4
_evalUrl,8,./parser/test_scripts/ChineseBQB/static/jquery.min.js,4
hidden,6,./parser/test_scripts/ChineseBQB/static/jquery.min.js,4
visible,7,./parser/test_scripts/ChineseBQB/static/jquery.min.js,4
Gb,2,./parser/test_scripts/ChineseBQB/static/jquery.min.js,4
e,1,./parser/test_scripts/ChineseBQB/static/jquery.min.js,4
param,5,./parser/test_scripts/ChineseBQB/static/jquery.min.js,4
xhr,3,./parser/test_scripts/ChineseBQB/static/jquery.min.js,4
onreadystatechange,18,./parser/test_scripts/ChineseBQB/static/jquery.min.js,4
e,1,./parser/test_scripts/ChineseBQB/static/jquery.min.js,4
parseHTML,9,./parser/test_scripts/ChineseBQB/static/jquery.min.js,4
load,4,./parser/test_scripts/ChineseBQB/static/jquery.min.js,4
b,1,./parser/test_scripts/ChineseBQB/static/jquery.min.js,4
animated,8,./parser/test_scripts/ChineseBQB/static/jquery.min.js,4
Mb,2,./parser/test_scripts/ChineseBQB/static/jquery.min.js,4
a,1,./parser/test_scripts/ChineseBQB/static/jquery.min.js,4
d,1,./parser/test_scripts/ChineseBQB/static/jquery.min.js,4
noConflict,10,./parser/test_scripts/ChineseBQB/static/jquery.min.js,4
exports,7,./parser/test_scripts/ChineseBQB/themes/landscape/Gruntfile.js,1
format,6,./parser/test_scripts/ChineseBQB/themes/landscape/source/fancybox/helpers/jquery.fancybox-media.js,70
fancybox,8,./parser/test_scripts/ChineseBQB/themes/landscape/source/fancybox/jquery.fancybox.js,19
isQuery,7,./parser/test_scripts/ChineseBQB/themes/landscape/source/fancybox/jquery.fancybox.js,26
isString,8,./parser/test_scripts/ChineseBQB/themes/landscape/source/fancybox/jquery.fancybox.js,29
isPercentage,12,./parser/test_scripts/ChineseBQB/themes/landscape/source/fancybox/jquery.fancybox.js,32
isScrollable,12,./parser/test_scripts/ChineseBQB/themes/landscape/source/fancybox/jquery.fancybox.js,35
getScalar,9,./parser/test_scripts/ChineseBQB/themes/landscape/source/fancybox/jquery.fancybox.js,38
getValue,8,./parser/test_scripts/ChineseBQB/themes/landscape/source/fancybox/jquery.fancybox.js,47
clear,5,./parser/test_scripts/ChineseBQB/themes/landscape/source/fancybox/jquery.fancybox.js,434
set,3,./parser/test_scripts/ChineseBQB/themes/landscape/source/fancybox/jquery.fancybox.js,437
stop,4,./parser/test_scripts/ChineseBQB/themes/landscape/source/fancybox/jquery.fancybox.js,444
start,5,./parser/test_scripts/ChineseBQB/themes/landscape/source/fancybox/jquery.fancybox.js,453
onload,6,./parser/test_scripts/ChineseBQB/themes/landscape/source/fancybox/jquery.fancybox.js,946
onerror,7,./parser/test_scripts/ChineseBQB/themes/landscape/source/fancybox/jquery.fancybox.js,955
run,3,./parser/test_scripts/ChineseBQB/themes/landscape/source/fancybox/jquery.fancybox.js,1929
fancybox,8,./parser/test_scripts/ChineseBQB/themes/landscape/source/fancybox/jquery.fancybox.js,1925
scrollbarWidth,14,./parser/test_scripts/ChineseBQB/themes/landscape/source/fancybox/jquery.fancybox.js,1977
fancybox,8,./parser/test_scripts/ChineseBQB/themes/landscape/source/fancybox/jquery.fancybox.pack.js,2
u,1,./parser/test_scripts/ChineseBQB/themes/landscape/source/fancybox/jquery.fancybox.pack.js,2
r,1,./parser/test_scripts/ChineseBQB/themes/landscape/source/fancybox/jquery.fancybox.pack.js,2
F,1,./parser/test_scripts/ChineseBQB/themes/landscape/source/fancybox/jquery.fancybox.pack.js,2
m,1,./parser/test_scripts/ChineseBQB/themes/landscape/source/fancybox/jquery.fancybox.pack.js,2
x,1,./parser/test_scripts/ChineseBQB/themes/landscape/source/fancybox/jquery.fancybox.pack.js,2
d,1,./parser/test_scripts/ChineseBQB/themes/landscape/source/fancybox/jquery.fancybox.pack.js,10
e,1,./parser/test_scripts/ChineseBQB/themes/landscape/source/fancybox/jquery.fancybox.pack.js,10
c,1,./parser/test_scripts/ChineseBQB/themes/landscape/source/fancybox/jquery.fancybox.pack.js,11
onload,6,./parser/test_scripts/ChineseBQB/themes/landscape/source/fancybox/jquery.fancybox.pack.js,21
onerror,7,./parser/test_scripts/ChineseBQB/themes/landscape/source/fancybox/jquery.fancybox.pack.js,22
l,1,./parser/test_scripts/ChineseBQB/themes/landscape/source/fancybox/jquery.fancybox.pack.js,44
fancybox,8,./parser/test_scripts/ChineseBQB/themes/landscape/source/fancybox/jquery.fancybox.pack.js,44
scrollbarWidth,14,./parser/test_scripts/ChineseBQB/themes/landscape/source/fancybox/jquery.fancybox.pack.js,45
startSearchAnim,15,./parser/test_scripts/ChineseBQB/themes/landscape/source/js/script.js,7
stopSearchAnim,14,./parser/test_scripts/ChineseBQB/themes/landscape/source/js/script.js,11
startMobileNavAnim,18,./parser/test_scripts/ChineseBQB/themes/landscape/source/js/script.js,114
stopMobileNavAnim,17,./parser/test_scripts/ChineseBQB/themes/landscape/source/js/script.js,118
mergeLang,9,./parser/test_scripts/ChineseBQB/themes/next/scripts/merge-configs.js,32
addMapEntry,11,./parser/test_scripts/ChineseBQB/themes/next/scripts/merge.js,136
addSetEntry,11,./parser/test_scripts/ChineseBQB/themes/next/scripts/merge.js,150
apply,5,./parser/test_scripts/ChineseBQB/themes/next/scripts/merge.js,166
arrayEach,9,./parser/test_scripts/ChineseBQB/themes/next/scripts/merge.js,189
arrayPush,9,./parser/test_scripts/ChineseBQB/themes/next/scripts/merge.js,209
arrayReduce,11,./parser/test_scripts/ChineseBQB/themes/next/scripts/merge.js,232
baseTimes,9,./parser/test_scripts/ChineseBQB/themes/next/scripts/merge.js,254
baseUnary,9,./parser/test_scripts/ChineseBQB/themes/next/scripts/merge.js,271
getValue,8,./parser/test_scripts/ChineseBQB/themes/next/scripts/merge.js,285
isHostObject,12,./parser/test_scripts/ChineseBQB/themes/next/scripts/merge.js,296
mapToArray,10,./parser/test_scripts/ChineseBQB/themes/next/scripts/merge.js,316
overArg,7,./parser/test_scripts/ChineseBQB/themes/next/scripts/merge.js,334
setToArray,10,./parser/test_scripts/ChineseBQB/themes/next/scripts/merge.js,347
Hash,4,./parser/test_scripts/ChineseBQB/themes/next/scripts/merge.js,434
hashClear,9,./parser/test_scripts/ChineseBQB/themes/next/scripts/merge.js,452
hashDelete,10,./parser/test_scripts/ChineseBQB/themes/next/scripts/merge.js,466
hashGet,7,./parser/test_scripts/ChineseBQB/themes/next/scripts/merge.js,479
hashHas,7,./parser/test_scripts/ChineseBQB/themes/next/scripts/merge.js,497
hashSet,7,./parser/test_scripts/ChineseBQB/themes/next/scripts/merge.js,512
ListCache,9,./parser/test_scripts/ChineseBQB/themes/next/scripts/merge.js,532
listCacheClear,14,./parser/test_scripts/ChineseBQB/themes/next/scripts/merge.js,550
listCacheDelete,15,./parser/test_scripts/ChineseBQB/themes/next/scripts/merge.js,563
listCacheGet,12,./parser/test_scripts/ChineseBQB/themes/next/scripts/merge.js,588
listCacheHas,12,./parser/test_scripts/ChineseBQB/themes/next/scripts/merge.js,604
listCacheSet,12,./parser/test_scripts/ChineseBQB/themes/next/scripts/merge.js,618
MapCache,8,./parser/test_scripts/ChineseBQB/themes/next/scripts/merge.js,644
mapCacheClear,13,./parser/test_scripts/ChineseBQB/themes/next/scripts/merge.js,662
mapCacheDelete,14,./parser/test_scripts/ChineseBQB/themes/next/scripts/merge.js,679
mapCacheGet,11,./parser/test_scripts/ChineseBQB/themes/next/scripts/merge.js,692
mapCacheHas,11,./parser/test_scripts/ChineseBQB/themes/next/scripts/merge.js,705
mapCacheSet,11,./parser/test_scripts/ChineseBQB/themes/next/scripts/merge.js,719
Stack,5,./parser/test_scripts/ChineseBQB/themes/next/scripts/merge.js,738
stackClear,10,./parser/test_scripts/ChineseBQB/themes/next/scripts/merge.js,749
stackDelete,11,./parser/test_scripts/ChineseBQB/themes/next/scripts/merge.js,762
stackGet,8,./parser/test_scripts/ChineseBQB/themes/next/scripts/merge.js,775
stackHas,8,./parser/test_scripts/ChineseBQB/themes/next/scripts/merge.js,788
stackSet,8,./parser/test_scripts/ChineseBQB/themes/next/scripts/merge.js,802
arrayLikeKeys,13,./parser/test_scripts/ChineseBQB/themes/next/scripts/merge.js,831
assignMergeValue,16,./parser/test_scripts/ChineseBQB/themes/next/scripts/merge.js,858
assignValue,11,./parser/test_scripts/ChineseBQB/themes/next/scripts/merge.js,875
assocIndexOf,12,./parser/test_scripts/ChineseBQB/themes/next/scripts/merge.js,891
baseAssign,10,./parser/test_scripts/ChineseBQB/themes/next/scripts/merge.js,910
baseClone,9,./parser/test_scripts/ChineseBQB/themes/next/scripts/merge.js,928
baseCreate,10,./parser/test_scripts/ChineseBQB/themes/next/scripts/merge.js,997
baseGetAllKeys,14,./parser/test_scripts/ChineseBQB/themes/next/scripts/merge.js,1012
baseGetTag,10,./parser/test_scripts/ChineseBQB/themes/next/scripts/merge.js,1024
baseIsNative,12,./parser/test_scripts/ChineseBQB/themes/next/scripts/merge.js,1036
baseIsTypedArray,16,./parser/test_scripts/ChineseBQB/themes/next/scripts/merge.js,1051
baseKeys,8,./parser/test_scripts/ChineseBQB/themes/next/scripts/merge.js,1063
baseKeysIn,10,./parser/test_scripts/ChineseBQB/themes/next/scripts/merge.js,1083
baseMerge,9,./parser/test_scripts/ChineseBQB/themes/next/scripts/merge.js,1109
baseMergeDeep,13,./parser/test_scripts/ChineseBQB/themes/next/scripts/merge.js,1153
baseRest,8,./parser/test_scripts/ChineseBQB/themes/next/scripts/merge.js,1215
cloneBuffer,11,./parser/test_scripts/ChineseBQB/themes/next/scripts/merge.js,1244
cloneArrayBuffer,16,./parser/test_scripts/ChineseBQB/themes/next/scripts/merge.js,1260
cloneDataView,13,./parser/test_scripts/ChineseBQB/themes/next/scripts/merge.js,1274
cloneMap,8,./parser/test_scripts/ChineseBQB/themes/next/scripts/merge.js,1288
cloneRegExp,11,./parser/test_scripts/ChineseBQB/themes/next/scripts/merge.js,1300
cloneSet,8,./parser/test_scripts/ChineseBQB/themes/next/scripts/merge.js,1315
cloneSymbol,11,./parser/test_scripts/ChineseBQB/themes/next/scripts/merge.js,1327
cloneTypedArray,15,./parser/test_scripts/ChineseBQB/themes/next/scripts/merge.js,1339
copyArray,9,./parser/test_scripts/ChineseBQB/themes/next/scripts/merge.js,1352
copyObject,10,./parser/test_scripts/ChineseBQB/themes/next/scripts/merge.js,1373
copySymbols,11,./parser/test_scripts/ChineseBQB/themes/next/scripts/merge.js,1399
createAssigner,14,./parser/test_scripts/ChineseBQB/themes/next/scripts/merge.js,1410
getAllKeys,10,./parser/test_scripts/ChineseBQB/themes/next/scripts/merge.js,1443
getMapData,10,./parser/test_scripts/ChineseBQB/themes/next/scripts/merge.js,1455
getNative,9,./parser/test_scripts/ChineseBQB/themes/next/scripts/merge.js,1470
initCloneArray,14,./parser/test_scripts/ChineseBQB/themes/next/scripts/merge.js,1530
initCloneObject,15,./parser/test_scripts/ChineseBQB/themes/next/scripts/merge.js,1549
initCloneByTag,14,./parser/test_scripts/ChineseBQB/themes/next/scripts/merge.js,1568
isIndex,7,./parser/test_scripts/ChineseBQB/themes/next/scripts/merge.js,1618
isIterateeCall,14,./parser/test_scripts/ChineseBQB/themes/next/scripts/merge.js,1635
isKeyable,9,./parser/test_scripts/ChineseBQB/themes/next/scripts/merge.js,1656
isMasked,8,./parser/test_scripts/ChineseBQB/themes/next/scripts/merge.js,1670
isPrototype,11,./parser/test_scripts/ChineseBQB/themes/next/scripts/merge.js,1681
nativeKeysIn,12,./parser/test_scripts/ChineseBQB/themes/next/scripts/merge.js,1697
toSource,8,./parser/test_scripts/ChineseBQB/themes/next/scripts/merge.js,1714
eq,2,./parser/test_scripts/ChineseBQB/themes/next/scripts/merge.js,1760
isArguments,11,./parser/test_scripts/ChineseBQB/themes/next/scripts/merge.js,1782
isArrayLike,11,./parser/test_scripts/ChineseBQB/themes/next/scripts/merge.js,1838
isArrayLikeObject,17,./parser/test_scripts/ChineseBQB/themes/next/scripts/merge.js,1867
isFunction,10,./parser/test_scripts/ChineseBQB/themes/next/scripts/merge.js,1907
isLength,8,./parser/test_scripts/ChineseBQB/themes/next/scripts/merge.js,1940
isObject,8,./parser/test_scripts/ChineseBQB/themes/next/scripts/merge.js,1970
isObjectLike,12,./parser/test_scripts/ChineseBQB/themes/next/scripts/merge.js,1999
isPlainObject,13,./parser/test_scripts/ChineseBQB/themes/next/scripts/merge.js,2031
toPlainObject,13,./parser/test_scripts/ChineseBQB/themes/next/scripts/merge.js,2088
keys,4,./parser/test_scripts/ChineseBQB/themes/next/scripts/merge.js,2120
keysIn,6,./parser/test_scripts/ChineseBQB/themes/next/scripts/merge.js,2147
stubArray,9,./parser/test_scripts/ChineseBQB/themes/next/scripts/merge.js,2204
stubFalse,9,./parser/test_scripts/ChineseBQB/themes/next/scripts/merge.js,2221
postButton,10,./parser/test_scripts/ChineseBQB/themes/next/scripts/tags/button.js,9
centerQuote,11,./parser/test_scripts/ChineseBQB/themes/next/scripts/tags/center-quote.js,9
extURL,6,./parser/test_scripts/ChineseBQB/themes/next/scripts/tags/exturl.js,20
fullImage,9,./parser/test_scripts/ChineseBQB/themes/next/scripts/tags/full-image.js,9
groupBy,7,./parser/test_scripts/ChineseBQB/themes/next/scripts/tags/group-pictures.js,74
groupPicture,12,./parser/test_scripts/ChineseBQB/themes/next/scripts/tags/group-pictures.js,137
includeRaw,10,./parser/test_scripts/ChineseBQB/themes/next/scripts/tags/include-raw.js,12
postLabel,9,./parser/test_scripts/ChineseBQB/themes/next/scripts/tags/label.js,9
mermaid,7,./parser/test_scripts/ChineseBQB/themes/next/scripts/tags/mermaid.js,9
postNote,8,./parser/test_scripts/ChineseBQB/themes/next/scripts/tags/note.js,9
pdf,3,./parser/test_scripts/ChineseBQB/themes/next/scripts/tags/pdf.js,9
postTabs,8,./parser/test_scripts/ChineseBQB/themes/next/scripts/tags/tabs.js,9
postVideo,9,./parser/test_scripts/ChineseBQB/themes/next/scripts/tags/video.js,9
Affix,5,./parser/test_scripts/ChineseBQB/themes/next/source/js/affix.js,21
getState,8,./parser/test_scripts/ChineseBQB/themes/next/source/js/affix.js,45
getPinnedOffset,15,./parser/test_scripts/ChineseBQB/themes/next/source/js/affix.js,67
checkPositionWithEventLoop,26,./parser/test_scripts/ChineseBQB/themes/next/source/js/affix.js,75
checkPosition,13,./parser/test_scripts/ChineseBQB/themes/next/source/js/affix.js,79
Plugin,6,./parser/test_scripts/ChineseBQB/themes/next/source/js/affix.js,125
noConflict,10,./parser/test_scripts/ChineseBQB/themes/next/source/js/affix.js,144
noConflict,10,./parser/test_scripts/ChineseBQB/themes/next/source/js/js.cookie.js,22
extend,6,./parser/test_scripts/ChineseBQB/themes/next/source/js/js.cookie.js,28
api,3,./parser/test_scripts/ChineseBQB/themes/next/source/js/js.cookie.js,41
get,3,./parser/test_scripts/ChineseBQB/themes/next/source/js/js.cookie.js,144
getJSON,7,./parser/test_scripts/ChineseBQB/themes/next/source/js/js.cookie.js,147
remove,6,./parser/test_scripts/ChineseBQB/themes/next/source/js/js.cookie.js,154
init,4,./parser/test_scripts/ChineseBQB/themes/next/source/js/js.cookie.js,40
SidebarToggleLine,17,./parser/test_scripts/ChineseBQB/themes/next/source/js/motion.js,28
init,4,./parser/test_scripts/ChineseBQB/themes/next/source/js/motion.js,41
arrow,5,./parser/test_scripts/ChineseBQB/themes/next/source/js/motion.js,44
close,5,./parser/test_scripts/ChineseBQB/themes/next/source/js/motion.js,47
transform,9,./parser/test_scripts/ChineseBQB/themes/next/source/js/motion.js,50
hasElement,10,./parser/test_scripts/ChineseBQB/themes/next/source/js/motion.js,231
getMistLineSettings,19,./parser/test_scripts/ChineseBQB/themes/next/source/js/motion.js,238
pushImageToSequence,19,./parser/test_scripts/ChineseBQB/themes/next/source/js/motion.js,249
complete,8,./parser/test_scripts/ChineseBQB/themes/next/source/js/motion.js,284
complete,8,./parser/test_scripts/ChineseBQB/themes/next/source/js/motion.js,330
postMotion,10,./parser/test_scripts/ChineseBQB/themes/next/source/js/motion.js,325
removeCurrentActiveClass,24,./parser/test_scripts/ChineseBQB/themes/next/source/js/post-details.js,10
initScrollSpy,13,./parser/test_scripts/ChineseBQB/themes/next/source/js/post-details.js,5
sidebar,7,./parser/test_scripts/ChineseBQB/themes/next/source/js/post-details.js,99
updateFooterPosition,20,./parser/test_scripts/ChineseBQB/themes/next/source/js/schemes/muse.js,2
getHeaderOffset,15,./parser/test_scripts/ChineseBQB/themes/next/source/js/schemes/pisces.js,8
getFooterOffset,15,./parser/test_scripts/ChineseBQB/themes/next/source/js/schemes/pisces.js,12
initAffix,9,./parser/test_scripts/ChineseBQB/themes/next/source/js/schemes/pisces.js,20
recalculateAffixPosition,24,./parser/test_scripts/ChineseBQB/themes/next/source/js/schemes/pisces.js,40
resizeListener,14,./parser/test_scripts/ChineseBQB/themes/next/source/js/schemes/pisces.js,46
ScrollSpy,9,./parser/test_scripts/ChineseBQB/themes/next/source/js/scrollspy.js,24
getScrollHeight,15,./parser/test_scripts/ChineseBQB/themes/next/source/js/scrollspy.js,45
refresh,7,./parser/test_scripts/ChineseBQB/themes/next/source/js/scrollspy.js,49
process,7,./parser/test_scripts/ChineseBQB/themes/next/source/js/scrollspy.js,86
activate,8,./parser/test_scripts/ChineseBQB/themes/next/source/js/scrollspy.js,117
clear,5,./parser/test_scripts/ChineseBQB/themes/next/source/js/scrollspy.js,139
Plugin,6,./parser/test_scripts/ChineseBQB/themes/next/source/js/scrollspy.js,147
noConflict,10,./parser/test_scripts/ChineseBQB/themes/next/source/js/scrollspy.js,165
initBackToTop,13,./parser/test_scripts/ChineseBQB/themes/next/source/js/utils.js,107
getDimension,12,./parser/test_scripts/ChineseBQB/themes/next/source/js/utils.js,149
getAspectRadio,14,./parser/test_scripts/ChineseBQB/themes/next/source/js/utils.js,156
wrapTable,9,./parser/test_scripts/ChineseBQB/themes/next/source/js/utils.js,300
updateSidebarHeight,19,./parser/test_scripts/ChineseBQB/themes/next/source/js/utils.js,308
initSidebarDimension,20,./parser/test_scripts/ChineseBQB/themes/next/source/js/utils.js,313
n,1,./parser/test_scripts/ChineseBQB/themes/next/source/lib/jquery/index.js,2
r,1,./parser/test_scripts/ChineseBQB/themes/next/source/lib/jquery/index.js,2
extend,6,./parser/test_scripts/ChineseBQB/themes/next/source/lib/jquery/index.js,2
s,1,./parser/test_scripts/ChineseBQB/themes/next/source/lib/jquery/index.js,2
B,1,./parser/test_scripts/ChineseBQB/themes/next/source/lib/jquery/index.js,2
J,1,./parser/test_scripts/ChineseBQB/themes/next/source/lib/jquery/index.js,2
db,2,./parser/test_scripts/ChineseBQB/themes/next/source/lib/jquery/index.js,2
eb,2,./parser/test_scripts/ChineseBQB/themes/next/source/lib/jquery/index.js,2
gb,2,./parser/test_scripts/ChineseBQB/themes/next/source/lib/jquery/index.js,2
b,1,./parser/test_scripts/ChineseBQB/themes/next/source/lib/jquery/index.js,2
hb,2,./parser/test_scripts/ChineseBQB/themes/next/source/lib/jquery/index.js,2
ib,2,./parser/test_scripts/ChineseBQB/themes/next/source/lib/jquery/index.js,2
jb,2,./parser/test_scripts/ChineseBQB/themes/next/source/lib/jquery/index.js,2
kb,2,./parser/test_scripts/ChineseBQB/themes/next/source/lib/jquery/index.js,2
lb,2,./parser/test_scripts/ChineseBQB/themes/next/source/lib/jquery/index.js,2
mb,2,./parser/test_scripts/ChineseBQB/themes/next/source/lib/jquery/index.js,2
nb,2,./parser/test_scripts/ChineseBQB/themes/next/source/lib/jquery/index.js,2
ob,2,./parser/test_scripts/ChineseBQB/themes/next/source/lib/jquery/index.js,2
pb,2,./parser/test_scripts/ChineseBQB/themes/next/source/lib/jquery/index.js,2
isXML,5,./parser/test_scripts/ChineseBQB/themes/next/source/lib/jquery/index.js,2
ID,2,./parser/test_scripts/ChineseBQB/themes/next/source/lib/jquery/index.js,2
ID,2,./parser/test_scripts/ChineseBQB/themes/next/source/lib/jquery/index.js,2
ID,2,./parser/test_scripts/ChineseBQB/themes/next/source/lib/jquery/index.js,2
setDocument,11,./parser/test_scripts/ChineseBQB/themes/next/source/lib/jquery/index.js,2
matches,7,./parser/test_scripts/ChineseBQB/themes/next/source/lib/jquery/index.js,2
matchesSelector,15,./parser/test_scripts/ChineseBQB/themes/next/source/lib/jquery/index.js,2
contains,8,./parser/test_scripts/ChineseBQB/themes/next/source/lib/jquery/index.js,2
attr,4,./parser/test_scripts/ChineseBQB/themes/next/source/lib/jquery/index.js,2
error,5,./parser/test_scripts/ChineseBQB/themes/next/source/lib/jquery/index.js,2
uniqueSort,10,./parser/test_scripts/ChineseBQB/themes/next/source/lib/jquery/index.js,2
getText,7,./parser/test_scripts/ChineseBQB/themes/next/source/lib/jquery/index.js,2
qb,2,./parser/test_scripts/ChineseBQB/themes/next/source/lib/jquery/index.js,2
tokenize,8,./parser/test_scripts/ChineseBQB/themes/next/source/lib/jquery/index.js,2
rb,2,./parser/test_scripts/ChineseBQB/themes/next/source/lib/jquery/index.js,2
sb,2,./parser/test_scripts/ChineseBQB/themes/next/source/lib/jquery/index.js,2
tb,2,./parser/test_scripts/ChineseBQB/themes/next/source/lib/jquery/index.js,2
ub,2,./parser/test_scripts/ChineseBQB/themes/next/source/lib/jquery/index.js,2
vb,2,./parser/test_scripts/ChineseBQB/themes/next/source/lib/jquery/index.js,2
wb,2,./parser/test_scripts/ChineseBQB/themes/next/source/lib/jquery/index.js,2
xb,2,./parser/test_scripts/ChineseBQB/themes/next/source/lib/jquery/index.js,2
f,1,./parser/test_scripts/ChineseBQB/themes/next/source/lib/jquery/index.js,2
yb,2,./parser/test_scripts/ChineseBQB/themes/next/source/lib/jquery/index.js,2
compile,7,./parser/test_scripts/ChineseBQB/themes/next/source/lib/jquery/index.js,2
select,6,./parser/test_scripts/ChineseBQB/themes/next/source/lib/jquery/index.js,2
x,1,./parser/test_scripts/ChineseBQB/themes/next/source/lib/jquery/index.js,2
filter,6,./parser/test_scripts/ChineseBQB/themes/next/source/lib/jquery/index.js,2
init,4,./parser/test_scripts/ChineseBQB/themes/next/source/lib/jquery/index.js,2
D,1,./parser/test_scripts/ChineseBQB/themes/next/source/lib/jquery/index.js,2
a,1,./parser/test_scripts/ChineseBQB/themes/next/source/lib/jquery/index.js,2
G,1,./parser/test_scripts/ChineseBQB/themes/next/source/lib/jquery/index.js,2
j,1,./parser/test_scripts/ChineseBQB/themes/next/source/lib/jquery/index.js,2
g,1,./parser/test_scripts/ChineseBQB/themes/next/source/lib/jquery/index.js,2
Callbacks,9,./parser/test_scripts/ChineseBQB/themes/next/source/lib/jquery/index.js,2
h,1,./parser/test_scripts/ChineseBQB/themes/next/source/lib/jquery/index.js,2
ready,5,./parser/test_scripts/ChineseBQB/themes/next/source/lib/jquery/index.js,2
I,1,./parser/test_scripts/ChineseBQB/themes/next/source/lib/jquery/index.js,2
promise,7,./parser/test_scripts/ChineseBQB/themes/next/source/lib/jquery/index.js,2
access,6,./parser/test_scripts/ChineseBQB/themes/next/source/lib/jquery/index.js,2
acceptData,10,./parser/test_scripts/ChineseBQB/themes/next/source/lib/jquery/index.js,2
K,1,./parser/test_scripts/ChineseBQB/themes/next/source/lib/jquery/index.js,2
P,1,./parser/test_scripts/ChineseBQB/themes/next/source/lib/jquery/index.js,2
g,1,./parser/test_scripts/ChineseBQB/themes/next/source/lib/jquery/index.js,3
h,1,./parser/test_scripts/ChineseBQB/themes/next/source/lib/jquery/index.js,3
S,1,./parser/test_scripts/ChineseBQB/themes/next/source/lib/jquery/index.js,3
Z,1,./parser/test_scripts/ChineseBQB/themes/next/source/lib/jquery/index.js,3
$,1,./parser/test_scripts/ChineseBQB/themes/next/source/lib/jquery/index.js,3
_,1,./parser/test_scripts/ChineseBQB/themes/next/source/lib/jquery/index.js,3
handle,6,./parser/test_scripts/ChineseBQB/themes/next/source/lib/jquery/index.js,3
removeEvent,11,./parser/test_scripts/ChineseBQB/themes/next/source/lib/jquery/index.js,3
Event,5,./parser/test_scripts/ChineseBQB/themes/next/source/lib/jquery/index.js,3
c,1,./parser/test_scripts/ChineseBQB/themes/next/source/lib/jquery/index.js,3
jb,2,./parser/test_scripts/ChineseBQB/themes/next/source/lib/jquery/index.js,3
kb,2,./parser/test_scripts/ChineseBQB/themes/next/source/lib/jquery/index.js,3
lb,2,./parser/test_scripts/ChineseBQB/themes/next/source/lib/jquery/index.js,3
mb,2,./parser/test_scripts/ChineseBQB/themes/next/source/lib/jquery/index.js,3
nb,2,./parser/test_scripts/ChineseBQB/themes/next/source/lib/jquery/index.js,3
ob,2,./parser/test_scripts/ChineseBQB/themes/next/source/lib/jquery/index.js,3
pb,2,./parser/test_scripts/ChineseBQB/themes/next/source/lib/jquery/index.js,3
a,1,./parser/test_scripts/ChineseBQB/themes/next/source/lib/jquery/index.js,3
sb,2,./parser/test_scripts/ChineseBQB/themes/next/source/lib/jquery/index.js,3
tb,2,./parser/test_scripts/ChineseBQB/themes/next/source/lib/jquery/index.js,3
wb,2,./parser/test_scripts/ChineseBQB/themes/next/source/lib/jquery/index.js,3
xb,2,./parser/test_scripts/ChineseBQB/themes/next/source/lib/jquery/index.js,3
yb,2,./parser/test_scripts/ChineseBQB/themes/next/source/lib/jquery/index.js,3
g,1,./parser/test_scripts/ChineseBQB/themes/next/source/lib/jquery/index.js,3
swap,4,./parser/test_scripts/ChineseBQB/themes/next/source/lib/jquery/index.js,3
Fb,2,./parser/test_scripts/ChineseBQB/themes/next/source/lib/jquery/index.js,3
Gb,2,./parser/test_scripts/ChineseBQB/themes/next/source/lib/jquery/index.js,3
Hb,2,./parser/test_scripts/ChineseBQB/themes/next/source/lib/jquery/index.js,3
Ib,2,./parser/test_scripts/ChineseBQB/themes/next/source/lib/jquery/index.js,3
Jb,2,./parser/test_scripts/ChineseBQB/themes/next/source/lib/jquery/index.js,3
Kb,2,./parser/test_scripts/ChineseBQB/themes/next/source/lib/jquery/index.js,3
Sb,2,./parser/test_scripts/ChineseBQB/themes/next/source/lib/jquery/index.js,3
Tb,2,./parser/test_scripts/ChineseBQB/themes/next/source/lib/jquery/index.js,3
Ub,2,./parser/test_scripts/ChineseBQB/themes/next/source/lib/jquery/index.js,3
fire,4,./parser/test_scripts/ChineseBQB/themes/next/source/lib/jquery/index.js,3
Vb,2,./parser/test_scripts/ChineseBQB/themes/next/source/lib/jquery/index.js,3
Wb,2,./parser/test_scripts/ChineseBQB/themes/next/source/lib/jquery/index.js,3
i,1,./parser/test_scripts/ChineseBQB/themes/next/source/lib/jquery/index.js,3
Xb,2,./parser/test_scripts/ChineseBQB/themes/next/source/lib/jquery/index.js,3
complete,8,./parser/test_scripts/ChineseBQB/themes/next/source/lib/jquery/index.js,3
speed,5,./parser/test_scripts/ChineseBQB/themes/next/source/lib/jquery/index.js,3
g,1,./parser/test_scripts/ChineseBQB/themes/next/source/lib/jquery/index.js,3
d,1,./parser/test_scripts/ChineseBQB/themes/next/source/lib/jquery/index.js,3
b,1,./parser/test_scripts/ChineseBQB/themes/next/source/lib/jquery/index.js,3
a,1,./parser/test_scripts/ChineseBQB/themes/next/source/lib/jquery/index.js,3
tick,4,./parser/test_scripts/ChineseBQB/themes/next/source/lib/jquery/index.js,3
timer,5,./parser/test_scripts/ChineseBQB/themes/next/source/lib/jquery/index.js,3
start,5,./parser/test_scripts/ChineseBQB/themes/next/source/lib/jquery/index.js,3
stop,4,./parser/test_scripts/ChineseBQB/themes/next/source/lib/jquery/index.js,3
stop,4,./parser/test_scripts/ChineseBQB/themes/next/source/lib/jquery/index.js,3
delay,5,./parser/test_scripts/ChineseBQB/themes/next/source/lib/jquery/index.js,3
b,1,./parser/test_scripts/ChineseBQB/themes/next/source/lib/jquery/index.js,4
get,3,./parser/test_scripts/ChineseBQB/themes/next/source/lib/jquery/index.js,4
b,1,./parser/test_scripts/ChineseBQB/themes/next/source/lib/jquery/index.js,4
parseJSON,9,./parser/test_scripts/ChineseBQB/themes/next/source/lib/jquery/index.js,4
parseXML,8,./parser/test_scripts/ChineseBQB/themes/next/source/lib/jquery/index.js,4
qc,2,./parser/test_scripts/ChineseBQB/themes/next/source/lib/jquery/index.js,4
g,1,./parser/test_scripts/ChineseBQB/themes/next/source/lib/jquery/index.js,4
rc,2,./parser/test_scripts/ChineseBQB/themes/next/source/lib/jquery/index.js,4
sc,2,./parser/test_scripts/ChineseBQB/themes/next/source/lib/jquery/index.js,4
tc,2,./parser/test_scripts/ChineseBQB/themes/next/source/lib/jquery/index.js,4
uc,2,./parser/test_scripts/ChineseBQB/themes/next/source/lib/jquery/index.js,4
x,1,./parser/test_scripts/ChineseBQB/themes/next/source/lib/jquery/index.js,4
b,1,./parser/test_scripts/ChineseBQB/themes/next/source/lib/jquery/index.js,4
_evalUrl,8,./parser/test_scripts/ChineseBQB/themes/next/source/lib/jquery/index.js,4
hidden,6,./parser/test_scripts/ChineseBQB/themes/next/source/lib/jquery/index.js,4
visible,7,./parser/test_scripts/ChineseBQB/themes/next/source/lib/jquery/index.js,4
Ac,2,./parser/test_scripts/ChineseBQB/themes/next/source/lib/jquery/index.js,4
e,1,./parser/test_scripts/ChineseBQB/themes/next/source/lib/jquery/index.js,4
param,5,./parser/test_scripts/ChineseBQB/themes/next/source/lib/jquery/index.js,4
xhr,3,./parser/test_scripts/ChineseBQB/themes/next/source/lib/jquery/index.js,4
e,1,./parser/test_scripts/ChineseBQB/themes/next/source/lib/jquery/index.js,4
parseHTML,9,./parser/test_scripts/ChineseBQB/themes/next/source/lib/jquery/index.js,4
load,4,./parser/test_scripts/ChineseBQB/themes/next/source/lib/jquery/index.js,4
b,1,./parser/test_scripts/ChineseBQB/themes/next/source/lib/jquery/index.js,4
animated,8,./parser/test_scripts/ChineseBQB/themes/next/source/lib/jquery/index.js,4
Jc,2,./parser/test_scripts/ChineseBQB/themes/next/source/lib/jquery/index.js,4
b,1,./parser/test_scripts/ChineseBQB/themes/next/source/lib/jquery/index.js,4
d,1,./parser/test_scripts/ChineseBQB/themes/next/source/lib/jquery/index.js,4
size,4,./parser/test_scripts/ChineseBQB/themes/next/source/lib/jquery/index.js,4
noConflict,10,./parser/test_scripts/ChineseBQB/themes/next/source/lib/jquery/index.js,4
$,1,./parser/test_scripts/ChineseBQB/themes/next/source/lib/velocity/velocity.js,24
isWindow,8,./parser/test_scripts/ChineseBQB/themes/next/source/lib/velocity/velocity.js,33
type,4,./parser/test_scripts/ChineseBQB/themes/next/source/lib/velocity/velocity.js,39
isArraylike,11,./parser/test_scripts/ChineseBQB/themes/next/source/lib/velocity/velocity.js,55
isPlainObject,13,./parser/test_scripts/ChineseBQB/themes/next/source/lib/velocity/velocity.js,75
each,4,./parser/test_scripts/ChineseBQB/themes/next/source/lib/velocity/velocity.js,98
data,4,./parser/test_scripts/ChineseBQB/themes/next/source/lib/velocity/velocity.js,147
removeData,10,./parser/test_scripts/ChineseBQB/themes/next/source/lib/velocity/velocity.js,172
extend,6,./parser/test_scripts/ChineseBQB/themes/next/source/lib/velocity/velocity.js,184
$makeArray,10,./parser/test_scripts/ChineseBQB/themes/next/source/lib/velocity/velocity.js,240
queue,5,./parser/test_scripts/ChineseBQB/themes/next/source/lib/velocity/velocity.js,239
dequeue,7,./parser/test_scripts/ChineseBQB/themes/next/source/lib/velocity/velocity.js,295
offsetParent,12,./parser/test_scripts/ChineseBQB/themes/next/source/lib/velocity/velocity.js,348
compactSparseArray,18,./parser/test_scripts/ChineseBQB/themes/next/source/lib/velocity/velocity.js,481
sanitizeElements,16,./parser/test_scripts/ChineseBQB/themes/next/source/lib/velocity/velocity.js,497
Data,4,./parser/test_scripts/ChineseBQB/themes/next/source/lib/velocity/velocity.js,671
generateStep,12,./parser/test_scripts/ChineseBQB/themes/next/source/lib/velocity/velocity.js,684
A,1,./parser/test_scripts/ChineseBQB/themes/next/source/lib/velocity/velocity.js,720
B,1,./parser/test_scripts/ChineseBQB/themes/next/source/lib/velocity/velocity.js,721
C,1,./parser/test_scripts/ChineseBQB/themes/next/source/lib/velocity/velocity.js,722
calcBezier,10,./parser/test_scripts/ChineseBQB/themes/next/source/lib/velocity/velocity.js,724
getSlope,8,./parser/test_scripts/ChineseBQB/themes/next/source/lib/velocity/velocity.js,728
newtonRaphsonIterate,20,./parser/test_scripts/ChineseBQB/themes/next/source/lib/velocity/velocity.js,732
calcSampleValues,16,./parser/test_scripts/ChineseBQB/themes/next/source/lib/velocity/velocity.js,745
binarySubdivide,15,./parser/test_scripts/ChineseBQB/themes/next/source/lib/velocity/velocity.js,751
getTForX,8,./parser/test_scripts/ChineseBQB/themes/next/source/lib/velocity/velocity.js,767
precompute,10,./parser/test_scripts/ChineseBQB/themes/next/source/lib/velocity/velocity.js,793
f,1,./parser/test_scripts/ChineseBQB/themes/next/source/lib/velocity/velocity.js,798
getControlPoints,16,./parser/test_scripts/ChineseBQB/themes/next/source/lib/velocity/velocity.js,807
toString,8,./parser/test_scripts/ChineseBQB/themes/next/source/lib/velocity/velocity.js,810
generateBezier,14,./parser/test_scripts/ChineseBQB/themes/next/source/lib/velocity/velocity.js,691
springAccelerationForState,26,./parser/test_scripts/ChineseBQB/themes/next/source/lib/velocity/velocity.js,819
springEvaluateStateWithDerivative,33,./parser/test_scripts/ChineseBQB/themes/next/source/lib/velocity/velocity.js,823
springIntegrateState,20,./parser/test_scripts/ChineseBQB/themes/next/source/lib/velocity/velocity.js,834
springRK4Factory,16,./parser/test_scripts/ChineseBQB/themes/next/source/lib/velocity/velocity.js,851
getEasing,9,./parser/test_scripts/ChineseBQB/themes/next/source/lib/velocity/velocity.js,943
transformName,13,./parser/test_scripts/ChineseBQB/themes/next/source/lib/velocity/velocity.js,1321
colorName,9,./parser/test_scripts/ChineseBQB/themes/next/source/lib/velocity/velocity.js,1393
revertDisplay,13,./parser/test_scripts/ChineseBQB/themes/next/source/lib/velocity/velocity.js,1639
computePropertyValue,20,./parser/test_scripts/ChineseBQB/themes/next/source/lib/velocity/velocity.js,1614
getTransformFloat,17,./parser/test_scripts/ChineseBQB/themes/next/source/lib/velocity/velocity.js,1885
hook,4,./parser/test_scripts/ChineseBQB/themes/next/source/lib/velocity/velocity.js,1962
getChain,8,./parser/test_scripts/ChineseBQB/themes/next/source/lib/velocity/velocity.js,2006
parsePropertyValue,18,./parser/test_scripts/ChineseBQB/themes/next/source/lib/velocity/velocity.js,2691
separateValue,13,./parser/test_scripts/ChineseBQB/themes/next/source/lib/velocity/velocity.js,2862
calculateUnitRatios,19,./parser/test_scripts/ChineseBQB/themes/next/source/lib/velocity/velocity.js,2944
buildQueue,10,./parser/test_scripts/ChineseBQB/themes/next/source/lib/velocity/velocity.js,2493
processElement,14,./parser/test_scripts/ChineseBQB/themes/next/source/lib/velocity/velocity.js,2348
animate,7,./parser/test_scripts/ChineseBQB/themes/next/source/lib/velocity/velocity.js,1999
tick,4,./parser/test_scripts/ChineseBQB/themes/next/source/lib/velocity/velocity.js,3340
completeCall,12,./parser/test_scripts/ChineseBQB/themes/next/source/lib/velocity/velocity.js,3595
begin,5,./parser/test_scripts/ChineseBQB/themes/next/source/lib/velocity/velocity.js,3793
complete,8,./parser/test_scripts/ChineseBQB/themes/next/source/lib/velocity/velocity.js,3812
complete,8,./parser/test_scripts/ChineseBQB/themes/next/source/lib/velocity/velocity.js,3839
t,1,./parser/test_scripts/ChineseBQB/themes/next/source/lib/velocity/velocity.min.js,3
$,1,./parser/test_scripts/ChineseBQB/themes/next/source/lib/velocity/velocity.min.js,3
isWindow,8,./parser/test_scripts/ChineseBQB/themes/next/source/lib/velocity/velocity.min.js,3
type,4,./parser/test_scripts/ChineseBQB/themes/next/source/lib/velocity/velocity.min.js,3
isPlainObject,13,./parser/test_scripts/ChineseBQB/themes/next/source/lib/velocity/velocity.min.js,3
each,4,./parser/test_scripts/ChineseBQB/themes/next/source/lib/velocity/velocity.min.js,3
data,4,./parser/test_scripts/ChineseBQB/themes/next/source/lib/velocity/velocity.min.js,3
removeData,10,./parser/test_scripts/ChineseBQB/themes/next/source/lib/velocity/velocity.min.js,3
extend,6,./parser/test_scripts/ChineseBQB/themes/next/source/lib/velocity/velocity.min.js,3
n,1,./parser/test_scripts/ChineseBQB/themes/next/source/lib/velocity/velocity.min.js,3
queue,5,./parser/test_scripts/ChineseBQB/themes/next/source/lib/velocity/velocity.min.js,3
dequeue,7,./parser/test_scripts/ChineseBQB/themes/next/source/lib/velocity/velocity.min.js,3
e,1,./parser/test_scripts/ChineseBQB/themes/next/source/lib/velocity/velocity.min.js,3
n,1,./parser/test_scripts/ChineseBQB/themes/next/source/lib/velocity/velocity.min.js,3
o,1,./parser/test_scripts/ChineseBQB/themes/next/source/lib/velocity/velocity.min.js,3
i,1,./parser/test_scripts/ChineseBQB/themes/next/source/lib/velocity/velocity.min.js,3
s,1,./parser/test_scripts/ChineseBQB/themes/next/source/lib/velocity/velocity.min.js,3
o,1,./parser/test_scripts/ChineseBQB/themes/next/source/lib/velocity/velocity.min.js,3
i,1,./parser/test_scripts/ChineseBQB/themes/next/source/lib/velocity/velocity.min.js,3
s,1,./parser/test_scripts/ChineseBQB/themes/next/source/lib/velocity/velocity.min.js,3
l,1,./parser/test_scripts/ChineseBQB/themes/next/source/lib/velocity/velocity.min.js,3
u,1,./parser/test_scripts/ChineseBQB/themes/next/source/lib/velocity/velocity.min.js,3
c,1,./parser/test_scripts/ChineseBQB/themes/next/source/lib/velocity/velocity.min.js,3
p,1,./parser/test_scripts/ChineseBQB/themes/next/source/lib/velocity/velocity.min.js,3
f,1,./parser/test_scripts/ChineseBQB/themes/next/source/lib/velocity/velocity.min.js,3
d,1,./parser/test_scripts/ChineseBQB/themes/next/source/lib/velocity/velocity.min.js,3
g,1,./parser/test_scripts/ChineseBQB/themes/next/source/lib/velocity/velocity.min.js,3
C,1,./parser/test_scripts/ChineseBQB/themes/next/source/lib/velocity/velocity.min.js,3
getControlPoints,16,./parser/test_scripts/ChineseBQB/themes/next/source/lib/velocity/velocity.min.js,3
toString,8,./parser/test_scripts/ChineseBQB/themes/next/source/lib/velocity/velocity.min.js,3
l,1,./parser/test_scripts/ChineseBQB/themes/next/source/lib/velocity/velocity.min.js,3
u,1,./parser/test_scripts/ChineseBQB/themes/next/source/lib/velocity/velocity.min.js,3
c,1,./parser/test_scripts/ChineseBQB/themes/next/source/lib/velocity/velocity.min.js,3
p,1,./parser/test_scripts/ChineseBQB/themes/next/source/lib/velocity/velocity.min.js,3
e,1,./parser/test_scripts/ChineseBQB/themes/next/source/lib/velocity/velocity.min.js,3
t,1,./parser/test_scripts/ChineseBQB/themes/next/source/lib/velocity/velocity.min.js,3
r,1,./parser/test_scripts/ChineseBQB/themes/next/source/lib/velocity/velocity.min.js,3
a,1,./parser/test_scripts/ChineseBQB/themes/next/source/lib/velocity/velocity.min.js,3
t,1,./parser/test_scripts/ChineseBQB/themes/next/source/lib/velocity/velocity.min.js,3
t,1,./parser/test_scripts/ChineseBQB/themes/next/source/lib/velocity/velocity.min.js,3
n,1,./parser/test_scripts/ChineseBQB/themes/next/source/lib/velocity/velocity.min.js,3
s,1,./parser/test_scripts/ChineseBQB/themes/next/source/lib/velocity/velocity.min.js,3
t,1,./parser/test_scripts/ChineseBQB/themes/next/source/lib/velocity/velocity.min.js,3
hook,4,./parser/test_scripts/ChineseBQB/themes/next/source/lib/velocity/velocity.min.js,3
e,1,./parser/test_scripts/ChineseBQB/themes/next/source/lib/velocity/velocity.min.js,3
p,1,./parser/test_scripts/ChineseBQB/themes/next/source/lib/velocity/velocity.min.js,3
f,1,./parser/test_scripts/ChineseBQB/themes/next/source/lib/velocity/velocity.min.js,3
d,1,./parser/test_scripts/ChineseBQB/themes/next/source/lib/velocity/velocity.min.js,3
e,1,./parser/test_scripts/ChineseBQB/themes/next/source/lib/velocity/velocity.min.js,3
n,1,./parser/test_scripts/ChineseBQB/themes/next/source/lib/velocity/velocity.min.js,3
S,1,./parser/test_scripts/ChineseBQB/themes/next/source/lib/velocity/velocity.min.js,3
begin,5,./parser/test_scripts/ChineseBQB/themes/next/source/lib/velocity/velocity.min.js,4
complete,8,./parser/test_scripts/ChineseBQB/themes/next/source/lib/velocity/velocity.min.js,4
greaterSemver,13,./parser/test_scripts/ChineseBQB/themes/next/source/lib/velocity/velocity.ui.js,36
animateParentHeight,19,./parser/test_scripts/ChineseBQB/themes/next/source/lib/velocity/velocity.ui.js,70
begin,5,./parser/test_scripts/ChineseBQB/themes/next/source/lib/velocity/velocity.ui.js,128
injectFinalCallbacks,20,./parser/test_scripts/ChineseBQB/themes/next/source/lib/velocity/velocity.ui.js,168
complete,8,./parser/test_scripts/ChineseBQB/themes/next/source/lib/velocity/velocity.ui.js,182
effectName,10,./parser/test_scripts/ChineseBQB/themes/next/source/lib/velocity/velocity.ui.js,97
RegisterUI,10,./parser/test_scripts/ChineseBQB/themes/next/source/lib/velocity/velocity.ui.js,68
timing,6,./parser/test_scripts/ChineseBQB/themes/next/source/lib/velocity/velocity.ui.js,740
RunSequence,11,./parser/test_scripts/ChineseBQB/themes/next/source/lib/velocity/velocity.ui.js,722
n,1,./parser/test_scripts/ChineseBQB/themes/next/source/lib/velocity/velocity.ui.min.js,2
e,1,./parser/test_scripts/ChineseBQB/themes/next/source/lib/velocity/velocity.ui.min.js,2
f,1,./parser/test_scripts/ChineseBQB/themes/next/source/lib/velocity/velocity.ui.min.js,2
begin,5,./parser/test_scripts/ChineseBQB/themes/next/source/lib/velocity/velocity.ui.min.js,2
complete,8,./parser/test_scripts/ChineseBQB/themes/next/source/lib/velocity/velocity.ui.min.js,2
t,1,./parser/test_scripts/ChineseBQB/themes/next/source/lib/velocity/velocity.ui.min.js,2
RegisterUI,10,./parser/test_scripts/ChineseBQB/themes/next/source/lib/velocity/velocity.ui.min.js,2
o,1,./parser/test_scripts/ChineseBQB/themes/next/source/lib/velocity/velocity.ui.min.js,2
RunSequence,11,./parser/test_scripts/ChineseBQB/themes/next/source/lib/velocity/velocity.ui.min.js,2
