run,3,./parser/test_scripts/markdown-it/benchmark/implementations/commonmark-reference/index.js,7
run,3,./parser/test_scripts/markdown-it/benchmark/implementations/current/index.js,9
normalizeLink,13,./parser/test_scripts/markdown-it/benchmark/implementations/current-commonmark/index.js,9
normalizeLinkText,17,./parser/test_scripts/markdown-it/benchmark/implementations/current-commonmark/index.js,10
run,3,./parser/test_scripts/markdown-it/benchmark/implementations/current-commonmark/index.js,12
run,3,./parser/test_scripts/markdown-it/benchmark/implementations/markdown-it-2.2.1-commonmark/index.js,5
run,3,./parser/test_scripts/markdown-it/benchmark/implementations/marked/index.js,5
createCommonjsModule,20,./parser/test_scripts/markdown-it/dist/markdown-it.js,7
getAugmentedNamespace,21,./parser/test_scripts/markdown-it/dist/markdown-it.js,16
commonjsRequire,15,./parser/test_scripts/markdown-it/dist/markdown-it.js,32
getEncodeCache,14,./parser/test_scripts/markdown-it/dist/markdown-it.js,2168
encode$2,8,./parser/test_scripts/markdown-it/dist/markdown-it.js,2195
getDecodeCache,14,./parser/test_scripts/markdown-it/dist/markdown-it.js,2239
decode$2,8,./parser/test_scripts/markdown-it/dist/markdown-it.js,2257
format,6,./parser/test_scripts/markdown-it/dist/markdown-it.js,2325
format,6,./parser/test_scripts/markdown-it/dist/markdown-it.js,2325
Url,3,./parser/test_scripts/markdown-it/dist/markdown-it.js,2363
urlParse,8,./parser/test_scripts/markdown-it/dist/markdown-it.js,2411
parse,5,./parser/test_scripts/markdown-it/dist/markdown-it.js,2419
parseHost,9,./parser/test_scripts/markdown-it/dist/markdown-it.js,2583
_class,6,./parser/test_scripts/markdown-it/dist/markdown-it.js,2624
isString,8,./parser/test_scripts/markdown-it/dist/markdown-it.js,2627
has,3,./parser/test_scripts/markdown-it/dist/markdown-it.js,2631
assign,6,./parser/test_scripts/markdown-it/dist/markdown-it.js,2636
arrayReplaceAt,14,./parser/test_scripts/markdown-it/dist/markdown-it.js,2653
isValidEntityCode,17,./parser/test_scripts/markdown-it/dist/markdown-it.js,2657
fromCodePoint,13,./parser/test_scripts/markdown-it/dist/markdown-it.js,2689
replaceEntityPattern,20,./parser/test_scripts/markdown-it/dist/markdown-it.js,2702
unescapeMd,10,./parser/test_scripts/markdown-it/dist/markdown-it.js,2719
unescapeAll,11,./parser/test_scripts/markdown-it/dist/markdown-it.js,2725
replaceUnsafeChar,17,./parser/test_scripts/markdown-it/dist/markdown-it.js,2745
escapeHtml,10,./parser/test_scripts/markdown-it/dist/markdown-it.js,2748
escapeRE,8,./parser/test_scripts/markdown-it/dist/markdown-it.js,2756
isSpace,7,./parser/test_scripts/markdown-it/dist/markdown-it.js,2760
isWhiteSpace,12,./parser/test_scripts/markdown-it/dist/markdown-it.js,2769
isPunctChar,11,./parser/test_scripts/markdown-it/dist/markdown-it.js,2797
isMdAsciiPunct,14,./parser/test_scripts/markdown-it/dist/markdown-it.js,2807
normalizeReference,18,./parser/test_scripts/markdown-it/dist/markdown-it.js,2849
parseLinkLabel,14,./parser/test_scripts/markdown-it/dist/markdown-it.js,2921
parseLinkLabel,14,./parser/test_scripts/markdown-it/dist/markdown-it.js,2921
parseLinkDestination,20,./parser/test_scripts/markdown-it/dist/markdown-it.js,2954
parseLinkDestination,20,./parser/test_scripts/markdown-it/dist/markdown-it.js,2954
parseLinkTitle,14,./parser/test_scripts/markdown-it/dist/markdown-it.js,3031
parseLinkTitle,14,./parser/test_scripts/markdown-it/dist/markdown-it.js,3031
code_inline,11,./parser/test_scripts/markdown-it/dist/markdown-it.js,3085
code_block,10,./parser/test_scripts/markdown-it/dist/markdown-it.js,3089
fence,5,./parser/test_scripts/markdown-it/dist/markdown-it.js,3093
image,5,./parser/test_scripts/markdown-it/dist/markdown-it.js,3128
hardbreak,9,./parser/test_scripts/markdown-it/dist/markdown-it.js,3137
softbreak,9,./parser/test_scripts/markdown-it/dist/markdown-it.js,3140
text,4,./parser/test_scripts/markdown-it/dist/markdown-it.js,3143
html_block,10,./parser/test_scripts/markdown-it/dist/markdown-it.js,3146
html_inline,11,./parser/test_scripts/markdown-it/dist/markdown-it.js,3149
Renderer,8,./parser/test_scripts/markdown-it/dist/markdown-it.js,3156
renderAttrs,11,./parser/test_scripts/markdown-it/dist/markdown-it.js,3191
renderAttrs,11,./parser/test_scripts/markdown-it/dist/markdown-it.js,3191
renderToken,11,./parser/test_scripts/markdown-it/dist/markdown-it.js,3210
renderToken,11,./parser/test_scripts/markdown-it/dist/markdown-it.js,3210
renderInline,12,./parser/test_scripts/markdown-it/dist/markdown-it.js,3260
renderInlineAsText,18,./parser/test_scripts/markdown-it/dist/markdown-it.js,3281
render,6,./parser/test_scripts/markdown-it/dist/markdown-it.js,3302
Ruler,5,./parser/test_scripts/markdown-it/dist/markdown-it.js,3336
__find__,8,./parser/test_scripts/markdown-it/dist/markdown-it.js,3356
__compile__,11,./parser/test_scripts/markdown-it/dist/markdown-it.js,3366
at,2,./parser/test_scripts/markdown-it/dist/markdown-it.js,3418
before,6,./parser/test_scripts/markdown-it/dist/markdown-it.js,3451
after,5,./parser/test_scripts/markdown-it/dist/markdown-it.js,3488
push,4,./parser/test_scripts/markdown-it/dist/markdown-it.js,3524
enable,6,./parser/test_scripts/markdown-it/dist/markdown-it.js,3545
enableOnly,10,./parser/test_scripts/markdown-it/dist/markdown-it.js,3574
disable,7,./parser/test_scripts/markdown-it/dist/markdown-it.js,3594
getRules,8,./parser/test_scripts/markdown-it/dist/markdown-it.js,3622
normalize,9,./parser/test_scripts/markdown-it/dist/markdown-it.js,3634
normalize,9,./parser/test_scripts/markdown-it/dist/markdown-it.js,3634
block,5,./parser/test_scripts/markdown-it/dist/markdown-it.js,3642
block,5,./parser/test_scripts/markdown-it/dist/markdown-it.js,3642
inline,6,./parser/test_scripts/markdown-it/dist/markdown-it.js,3654
inline,6,./parser/test_scripts/markdown-it/dist/markdown-it.js,3654
isLinkOpen$1,12,./parser/test_scripts/markdown-it/dist/markdown-it.js,3665
isLinkClose$1,13,./parser/test_scripts/markdown-it/dist/markdown-it.js,3668
linkify,7,./parser/test_scripts/markdown-it/dist/markdown-it.js,3671
linkify,7,./parser/test_scripts/markdown-it/dist/markdown-it.js,3671
replaceFn,9,./parser/test_scripts/markdown-it/dist/markdown-it.js,3787
replace_scoped,14,./parser/test_scripts/markdown-it/dist/markdown-it.js,3790
replace_rare,12,./parser/test_scripts/markdown-it/dist/markdown-it.js,3805
replace,7,./parser/test_scripts/markdown-it/dist/markdown-it.js,3822
replace,7,./parser/test_scripts/markdown-it/dist/markdown-it.js,3822
replaceAt,9,./parser/test_scripts/markdown-it/dist/markdown-it.js,3845
process_inlines,15,./parser/test_scripts/markdown-it/dist/markdown-it.js,3848
smartquotes,11,./parser/test_scripts/markdown-it/dist/markdown-it.js,3992
smartquotes,11,./parser/test_scripts/markdown-it/dist/markdown-it.js,3992
text_join,9,./parser/test_scripts/markdown-it/dist/markdown-it.js,4006
text_join,9,./parser/test_scripts/markdown-it/dist/markdown-it.js,4006
Token,5,./parser/test_scripts/markdown-it/dist/markdown-it.js,4041
attrIndex,9,./parser/test_scripts/markdown-it/dist/markdown-it.js,4124
attrIndex,9,./parser/test_scripts/markdown-it/dist/markdown-it.js,4124
attrPush,8,./parser/test_scripts/markdown-it/dist/markdown-it.js,4141
attrPush,8,./parser/test_scripts/markdown-it/dist/markdown-it.js,4141
attrSet,7,./parser/test_scripts/markdown-it/dist/markdown-it.js,4152
attrSet,7,./parser/test_scripts/markdown-it/dist/markdown-it.js,4152
attrGet,7,./parser/test_scripts/markdown-it/dist/markdown-it.js,4164
attrGet,7,./parser/test_scripts/markdown-it/dist/markdown-it.js,4164
attrJoin,8,./parser/test_scripts/markdown-it/dist/markdown-it.js,4176
attrJoin,8,./parser/test_scripts/markdown-it/dist/markdown-it.js,4176
StateCore,9,./parser/test_scripts/markdown-it/dist/markdown-it.js,4185
Core,4,./parser/test_scripts/markdown-it/dist/markdown-it.js,4202
process,7,./parser/test_scripts/markdown-it/dist/markdown-it.js,4217
getLine,7,./parser/test_scripts/markdown-it/dist/markdown-it.js,4227
escapedSplit,12,./parser/test_scripts/markdown-it/dist/markdown-it.js,4231
table,5,./parser/test_scripts/markdown-it/dist/markdown-it.js,4254
table,5,./parser/test_scripts/markdown-it/dist/markdown-it.js,4254
code,4,./parser/test_scripts/markdown-it/dist/markdown-it.js,4418
code,4,./parser/test_scripts/markdown-it/dist/markdown-it.js,4418
fence,5,./parser/test_scripts/markdown-it/dist/markdown-it.js,4443
fence,5,./parser/test_scripts/markdown-it/dist/markdown-it.js,4443
blockquote,10,./parser/test_scripts/markdown-it/dist/markdown-it.js,4523
blockquote,10,./parser/test_scripts/markdown-it/dist/markdown-it.js,4523
hr,2,./parser/test_scripts/markdown-it/dist/markdown-it.js,4741
hr,2,./parser/test_scripts/markdown-it/dist/markdown-it.js,4741
skipBulletListMarker,20,./parser/test_scripts/markdown-it/dist/markdown-it.js,4778
skipOrderedListMarker,21,./parser/test_scripts/markdown-it/dist/markdown-it.js,4798
markTightParagraphs,19,./parser/test_scripts/markdown-it/dist/markdown-it.js,4837
list,4,./parser/test_scripts/markdown-it/dist/markdown-it.js,4847
list,4,./parser/test_scripts/markdown-it/dist/markdown-it.js,4847
reference,9,./parser/test_scripts/markdown-it/dist/markdown-it.js,5054
reference,9,./parser/test_scripts/markdown-it/dist/markdown-it.js,5054
html_block,10,./parser/test_scripts/markdown-it/dist/markdown-it.js,5250
html_block,10,./parser/test_scripts/markdown-it/dist/markdown-it.js,5250
heading,7,./parser/test_scripts/markdown-it/dist/markdown-it.js,5301
heading,7,./parser/test_scripts/markdown-it/dist/markdown-it.js,5301
lheading,8,./parser/test_scripts/markdown-it/dist/markdown-it.js,5344
lheading,8,./parser/test_scripts/markdown-it/dist/markdown-it.js,5344
paragraph,9,./parser/test_scripts/markdown-it/dist/markdown-it.js,5413
paragraph,9,./parser/test_scripts/markdown-it/dist/markdown-it.js,5413
StateBlock,10,./parser/test_scripts/markdown-it/dist/markdown-it.js,5453
push,4,./parser/test_scripts/markdown-it/dist/markdown-it.js,5547
isEmpty,7,./parser/test_scripts/markdown-it/dist/markdown-it.js,5558
isEmpty,7,./parser/test_scripts/markdown-it/dist/markdown-it.js,5558
skipEmptyLines,14,./parser/test_scripts/markdown-it/dist/markdown-it.js,5561
skipEmptyLines,14,./parser/test_scripts/markdown-it/dist/markdown-it.js,5561
skipSpaces,10,./parser/test_scripts/markdown-it/dist/markdown-it.js,5570
skipSpaces,10,./parser/test_scripts/markdown-it/dist/markdown-it.js,5570
skipSpacesBack,14,./parser/test_scripts/markdown-it/dist/markdown-it.js,5581
skipSpacesBack,14,./parser/test_scripts/markdown-it/dist/markdown-it.js,5581
skipChars,9,./parser/test_scripts/markdown-it/dist/markdown-it.js,5593
skipChars,9,./parser/test_scripts/markdown-it/dist/markdown-it.js,5593
skipCharsBack,13,./parser/test_scripts/markdown-it/dist/markdown-it.js,5602
skipCharsBack,13,./parser/test_scripts/markdown-it/dist/markdown-it.js,5602
getLines,8,./parser/test_scripts/markdown-it/dist/markdown-it.js,5614
getLines,8,./parser/test_scripts/markdown-it/dist/markdown-it.js,5614
ParserBlock,11,./parser/test_scripts/markdown-it/dist/markdown-it.js,5664
tokenize,8,./parser/test_scripts/markdown-it/dist/markdown-it.js,5679
parse,5,./parser/test_scripts/markdown-it/dist/markdown-it.js,5728
isTerminatorChar,16,./parser/test_scripts/markdown-it/dist/markdown-it.js,5744
text,4,./parser/test_scripts/markdown-it/dist/markdown-it.js,5775
text,4,./parser/test_scripts/markdown-it/dist/markdown-it.js,5775
linkify,7,./parser/test_scripts/markdown-it/dist/markdown-it.js,5792
linkify,7,./parser/test_scripts/markdown-it/dist/markdown-it.js,5792
newline,7,./parser/test_scripts/markdown-it/dist/markdown-it.js,5828
newline,7,./parser/test_scripts/markdown-it/dist/markdown-it.js,5828
escape,6,./parser/test_scripts/markdown-it/dist/markdown-it.js,5871
escape,6,./parser/test_scripts/markdown-it/dist/markdown-it.js,5871
backtick,8,./parser/test_scripts/markdown-it/dist/markdown-it.js,5915
backtick,8,./parser/test_scripts/markdown-it/dist/markdown-it.js,5915
strikethrough,13,./parser/test_scripts/markdown-it/dist/markdown-it.js,5965
strikethrough,13,./parser/test_scripts/markdown-it/dist/markdown-it.js,5965
postProcess$1,13,./parser/test_scripts/markdown-it/dist/markdown-it.js,6000
strikethrough,13,./parser/test_scripts/markdown-it/dist/markdown-it.js,6049
strikethrough,13,./parser/test_scripts/markdown-it/dist/markdown-it.js,6049
emphasis,8,./parser/test_scripts/markdown-it/dist/markdown-it.js,6065
emphasis,8,./parser/test_scripts/markdown-it/dist/markdown-it.js,6065
postProcess,11,./parser/test_scripts/markdown-it/dist/markdown-it.js,6096
emphasis,8,./parser/test_scripts/markdown-it/dist/markdown-it.js,6140
emphasis,8,./parser/test_scripts/markdown-it/dist/markdown-it.js,6140
link,4,./parser/test_scripts/markdown-it/dist/markdown-it.js,6155
link,4,./parser/test_scripts/markdown-it/dist/markdown-it.js,6155
image,5,./parser/test_scripts/markdown-it/dist/markdown-it.js,6277
image,5,./parser/test_scripts/markdown-it/dist/markdown-it.js,6277
autolink,8,./parser/test_scripts/markdown-it/dist/markdown-it.js,6400
autolink,8,./parser/test_scripts/markdown-it/dist/markdown-it.js,6400
isLinkOpen,10,./parser/test_scripts/markdown-it/dist/markdown-it.js,6455
isLinkClose,11,./parser/test_scripts/markdown-it/dist/markdown-it.js,6458
isLetter,8,./parser/test_scripts/markdown-it/dist/markdown-it.js,6461
html_inline,11,./parser/test_scripts/markdown-it/dist/markdown-it.js,6467
html_inline,11,./parser/test_scripts/markdown-it/dist/markdown-it.js,6467
entity,6,./parser/test_scripts/markdown-it/dist/markdown-it.js,6500
entity,6,./parser/test_scripts/markdown-it/dist/markdown-it.js,6500
processDelimiters,17,./parser/test_scripts/markdown-it/dist/markdown-it.js,6536
link_pairs,10,./parser/test_scripts/markdown-it/dist/markdown-it.js,6618
link_pairs,10,./parser/test_scripts/markdown-it/dist/markdown-it.js,6618
fragments_join,14,./parser/test_scripts/markdown-it/dist/markdown-it.js,6628
fragments_join,14,./parser/test_scripts/markdown-it/dist/markdown-it.js,6628
StateInline,11,./parser/test_scripts/markdown-it/dist/markdown-it.js,6655
pushPending,11,./parser/test_scripts/markdown-it/dist/markdown-it.js,6682
push,4,./parser/test_scripts/markdown-it/dist/markdown-it.js,6693
scanDelims,10,./parser/test_scripts/markdown-it/dist/markdown-it.js,6725
ParserInline,12,./parser/test_scripts/markdown-it/dist/markdown-it.js,6783
skipToken,9,./parser/test_scripts/markdown-it/dist/markdown-it.js,6806
tokenize,8,./parser/test_scripts/markdown-it/dist/markdown-it.js,6841
parse,5,./parser/test_scripts/markdown-it/dist/markdown-it.js,6873
re,2,./parser/test_scripts/markdown-it/dist/markdown-it.js,6885
assign,6,./parser/test_scripts/markdown-it/dist/markdown-it.js,6966
_class,6,./parser/test_scripts/markdown-it/dist/markdown-it.js,6978
isString,8,./parser/test_scripts/markdown-it/dist/markdown-it.js,6981
isObject,8,./parser/test_scripts/markdown-it/dist/markdown-it.js,6984
isRegExp,8,./parser/test_scripts/markdown-it/dist/markdown-it.js,6987
isFunction,10,./parser/test_scripts/markdown-it/dist/markdown-it.js,6990
escapeRE,8,./parser/test_scripts/markdown-it/dist/markdown-it.js,6993
isOptionsObj,12,./parser/test_scripts/markdown-it/dist/markdown-it.js,7002
resetScanCache,14,./parser/test_scripts/markdown-it/dist/markdown-it.js,7066
createValidator,15,./parser/test_scripts/markdown-it/dist/markdown-it.js,7070
createNormalizer,16,./parser/test_scripts/markdown-it/dist/markdown-it.js,7079
untpl,5,./parser/test_scripts/markdown-it/dist/markdown-it.js,7097
schemaError,11,./parser/test_scripts/markdown-it/dist/markdown-it.js,7110
compile,7,./parser/test_scripts/markdown-it/dist/markdown-it.js,7086
Match,5,./parser/test_scripts/markdown-it/dist/markdown-it.js,7187
createMatch,11,./parser/test_scripts/markdown-it/dist/markdown-it.js,7220
LinkifyIt,9,./parser/test_scripts/markdown-it/dist/markdown-it.js,7261
add,3,./parser/test_scripts/markdown-it/dist/markdown-it.js,7291
add,3,./parser/test_scripts/markdown-it/dist/markdown-it.js,7291
set,3,./parser/test_scripts/markdown-it/dist/markdown-it.js,7301
set,3,./parser/test_scripts/markdown-it/dist/markdown-it.js,7301
test,4,./parser/test_scripts/markdown-it/dist/markdown-it.js,7309
test,4,./parser/test_scripts/markdown-it/dist/markdown-it.js,7309
pretest,7,./parser/test_scripts/markdown-it/dist/markdown-it.js,7373
pretest,7,./parser/test_scripts/markdown-it/dist/markdown-it.js,7373
testSchemaAt,12,./parser/test_scripts/markdown-it/dist/markdown-it.js,7384
testSchemaAt,12,./parser/test_scripts/markdown-it/dist/markdown-it.js,7384
match,5,./parser/test_scripts/markdown-it/dist/markdown-it.js,7406
match,5,./parser/test_scripts/markdown-it/dist/markdown-it.js,7406
matchAtStart,12,./parser/test_scripts/markdown-it/dist/markdown-it.js,7431
matchAtStart,12,./parser/test_scripts/markdown-it/dist/markdown-it.js,7431
tlds,4,./parser/test_scripts/markdown-it/dist/markdown-it.js,7459
tlds,4,./parser/test_scripts/markdown-it/dist/markdown-it.js,7459
normalize,9,./parser/test_scripts/markdown-it/dist/markdown-it.js,7477
normalize,9,./parser/test_scripts/markdown-it/dist/markdown-it.js,7477
onCompile,9,./parser/test_scripts/markdown-it/dist/markdown-it.js,7491
onCompile,9,./parser/test_scripts/markdown-it/dist/markdown-it.js,7491
error,5,./parser/test_scripts/markdown-it/dist/markdown-it.js,7525
map,3,./parser/test_scripts/markdown-it/dist/markdown-it.js,7535
mapDomain,9,./parser/test_scripts/markdown-it/dist/markdown-it.js,7552
ucs2decode,10,./parser/test_scripts/markdown-it/dist/markdown-it.js,7579
ucs2encode,10,./parser/test_scripts/markdown-it/dist/markdown-it.js,7608
basicToDigit,12,./parser/test_scripts/markdown-it/dist/markdown-it.js,7628
digitToBasic,12,./parser/test_scripts/markdown-it/dist/markdown-it.js,7650
adapt,5,./parser/test_scripts/markdown-it/dist/markdown-it.js,7659
decode,6,./parser/test_scripts/markdown-it/dist/markdown-it.js,7674
encode,6,./parser/test_scripts/markdown-it/dist/markdown-it.js,7740
toUnicode,9,./parser/test_scripts/markdown-it/dist/markdown-it.js,7824
toASCII,7,./parser/test_scripts/markdown-it/dist/markdown-it.js,7839
validateLink,12,./parser/test_scripts/markdown-it/dist/markdown-it.js,8005
normalizeLink,13,./parser/test_scripts/markdown-it/dist/markdown-it.js,8012
normalizeLinkText,17,./parser/test_scripts/markdown-it/dist/markdown-it.js,8027
MarkdownIt,10,./parser/test_scripts/markdown-it/dist/markdown-it.js,8174
set,3,./parser/test_scripts/markdown-it/dist/markdown-it.js,8296
configure,9,./parser/test_scripts/markdown-it/dist/markdown-it.js,8309
enable,6,./parser/test_scripts/markdown-it/dist/markdown-it.js,8352
disable,7,./parser/test_scripts/markdown-it/dist/markdown-it.js,8375
use,3,./parser/test_scripts/markdown-it/dist/markdown-it.js,8407
parse,5,./parser/test_scripts/markdown-it/dist/markdown-it.js,8426
render,6,./parser/test_scripts/markdown-it/dist/markdown-it.js,8444
parseInline,11,./parser/test_scripts/markdown-it/dist/markdown-it.js,8456
renderInline,12,./parser/test_scripts/markdown-it/dist/markdown-it.js,8469
e,1,./parser/test_scripts/markdown-it/dist/markdown-it.min.js,2
s,1,./parser/test_scripts/markdown-it/dist/markdown-it.min.js,2
a,1,./parser/test_scripts/markdown-it/dist/markdown-it.min.js,2
l,1,./parser/test_scripts/markdown-it/dist/markdown-it.min.js,2
parse,5,./parser/test_scripts/markdown-it/dist/markdown-it.min.js,2
parseHost,9,./parser/test_scripts/markdown-it/dist/markdown-it.min.js,2
o,1,./parser/test_scripts/markdown-it/dist/markdown-it.min.js,2
i,1,./parser/test_scripts/markdown-it/dist/markdown-it.min.js,2
a,1,./parser/test_scripts/markdown-it/dist/markdown-it.min.js,2
d,1,./parser/test_scripts/markdown-it/dist/markdown-it.min.js,2
assign,6,./parser/test_scripts/markdown-it/dist/markdown-it.min.js,2
isString,8,./parser/test_scripts/markdown-it/dist/markdown-it.min.js,2
unescapeMd,10,./parser/test_scripts/markdown-it/dist/markdown-it.min.js,2
unescapeAll,11,./parser/test_scripts/markdown-it/dist/markdown-it.min.js,2
escapeHtml,10,./parser/test_scripts/markdown-it/dist/markdown-it.min.js,2
arrayReplaceAt,14,./parser/test_scripts/markdown-it/dist/markdown-it.min.js,2
isSpace,7,./parser/test_scripts/markdown-it/dist/markdown-it.min.js,2
isWhiteSpace,12,./parser/test_scripts/markdown-it/dist/markdown-it.min.js,2
isMdAsciiPunct,14,./parser/test_scripts/markdown-it/dist/markdown-it.min.js,2
isPunctChar,11,./parser/test_scripts/markdown-it/dist/markdown-it.min.js,2
escapeRE,8,./parser/test_scripts/markdown-it/dist/markdown-it.min.js,2
normalizeReference,18,./parser/test_scripts/markdown-it/dist/markdown-it.min.js,2
S,1,./parser/test_scripts/markdown-it/dist/markdown-it.min.js,2
F,1,./parser/test_scripts/markdown-it/dist/markdown-it.min.js,2
R,1,./parser/test_scripts/markdown-it/dist/markdown-it.min.js,2
code_inline,11,./parser/test_scripts/markdown-it/dist/markdown-it.min.js,2
code_block,10,./parser/test_scripts/markdown-it/dist/markdown-it.min.js,2
fence,5,./parser/test_scripts/markdown-it/dist/markdown-it.min.js,2
image,5,./parser/test_scripts/markdown-it/dist/markdown-it.min.js,2
hardbreak,9,./parser/test_scripts/markdown-it/dist/markdown-it.min.js,2
softbreak,9,./parser/test_scripts/markdown-it/dist/markdown-it.min.js,2
text,4,./parser/test_scripts/markdown-it/dist/markdown-it.min.js,2
html_block,10,./parser/test_scripts/markdown-it/dist/markdown-it.min.js,2
html_inline,11,./parser/test_scripts/markdown-it/dist/markdown-it.min.js,2
renderAttrs,11,./parser/test_scripts/markdown-it/dist/markdown-it.min.js,2
renderToken,11,./parser/test_scripts/markdown-it/dist/markdown-it.min.js,2
renderInline,12,./parser/test_scripts/markdown-it/dist/markdown-it.min.js,2
renderInlineAsText,18,./parser/test_scripts/markdown-it/dist/markdown-it.min.js,2
render,6,./parser/test_scripts/markdown-it/dist/markdown-it.min.js,2
N,1,./parser/test_scripts/markdown-it/dist/markdown-it.min.js,2
__find__,8,./parser/test_scripts/markdown-it/dist/markdown-it.min.js,2
__compile__,11,./parser/test_scripts/markdown-it/dist/markdown-it.min.js,2
at,2,./parser/test_scripts/markdown-it/dist/markdown-it.min.js,2
before,6,./parser/test_scripts/markdown-it/dist/markdown-it.min.js,2
after,5,./parser/test_scripts/markdown-it/dist/markdown-it.min.js,2
push,4,./parser/test_scripts/markdown-it/dist/markdown-it.min.js,2
enable,6,./parser/test_scripts/markdown-it/dist/markdown-it.min.js,2
enableOnly,10,./parser/test_scripts/markdown-it/dist/markdown-it.min.js,2
disable,7,./parser/test_scripts/markdown-it/dist/markdown-it.min.js,2
getRules,8,./parser/test_scripts/markdown-it/dist/markdown-it.min.js,2
V,1,./parser/test_scripts/markdown-it/dist/markdown-it.min.js,2
J,1,./parser/test_scripts/markdown-it/dist/markdown-it.min.js,2
W,1,./parser/test_scripts/markdown-it/dist/markdown-it.min.js,2
Y,1,./parser/test_scripts/markdown-it/dist/markdown-it.min.js,2
te,2,./parser/test_scripts/markdown-it/dist/markdown-it.min.js,2
ne,2,./parser/test_scripts/markdown-it/dist/markdown-it.min.js,2
se,2,./parser/test_scripts/markdown-it/dist/markdown-it.min.js,2
attrIndex,9,./parser/test_scripts/markdown-it/dist/markdown-it.min.js,2
attrPush,8,./parser/test_scripts/markdown-it/dist/markdown-it.min.js,2
attrSet,7,./parser/test_scripts/markdown-it/dist/markdown-it.min.js,2
attrGet,7,./parser/test_scripts/markdown-it/dist/markdown-it.min.js,2
attrJoin,8,./parser/test_scripts/markdown-it/dist/markdown-it.min.js,2
ie,2,./parser/test_scripts/markdown-it/dist/markdown-it.min.js,2
le,2,./parser/test_scripts/markdown-it/dist/markdown-it.min.js,2
process,7,./parser/test_scripts/markdown-it/dist/markdown-it.min.js,2
he,2,./parser/test_scripts/markdown-it/dist/markdown-it.min.js,2
fe,2,./parser/test_scripts/markdown-it/dist/markdown-it.min.js,2
_e,2,./parser/test_scripts/markdown-it/dist/markdown-it.min.js,2
ke,2,./parser/test_scripts/markdown-it/dist/markdown-it.min.js,2
qe,2,./parser/test_scripts/markdown-it/dist/markdown-it.min.js,2
push,4,./parser/test_scripts/markdown-it/dist/markdown-it.min.js,2
isEmpty,7,./parser/test_scripts/markdown-it/dist/markdown-it.min.js,2
skipEmptyLines,14,./parser/test_scripts/markdown-it/dist/markdown-it.min.js,2
skipSpaces,10,./parser/test_scripts/markdown-it/dist/markdown-it.min.js,2
skipSpacesBack,14,./parser/test_scripts/markdown-it/dist/markdown-it.min.js,2
skipChars,9,./parser/test_scripts/markdown-it/dist/markdown-it.min.js,2
skipCharsBack,13,./parser/test_scripts/markdown-it/dist/markdown-it.min.js,2
getLines,8,./parser/test_scripts/markdown-it/dist/markdown-it.min.js,2
Le,2,./parser/test_scripts/markdown-it/dist/markdown-it.min.js,2
tokenize,8,./parser/test_scripts/markdown-it/dist/markdown-it.min.js,2
parse,5,./parser/test_scripts/markdown-it/dist/markdown-it.min.js,2
Te,2,./parser/test_scripts/markdown-it/dist/markdown-it.min.js,2
Oe,2,./parser/test_scripts/markdown-it/dist/markdown-it.min.js,2
je,2,./parser/test_scripts/markdown-it/dist/markdown-it.min.js,2
rr,2,./parser/test_scripts/markdown-it/dist/markdown-it.min.js,2
or,2,./parser/test_scripts/markdown-it/dist/markdown-it.min.js,2
pushPending,11,./parser/test_scripts/markdown-it/dist/markdown-it.min.js,2
push,4,./parser/test_scripts/markdown-it/dist/markdown-it.min.js,2
scanDelims,10,./parser/test_scripts/markdown-it/dist/markdown-it.min.js,2
lr,2,./parser/test_scripts/markdown-it/dist/markdown-it.min.js,2
skipToken,9,./parser/test_scripts/markdown-it/dist/markdown-it.min.js,2
tokenize,8,./parser/test_scripts/markdown-it/dist/markdown-it.min.js,2
parse,5,./parser/test_scripts/markdown-it/dist/markdown-it.min.js,2
pr,2,./parser/test_scripts/markdown-it/dist/markdown-it.min.js,2
hr,2,./parser/test_scripts/markdown-it/dist/markdown-it.min.js,2
fr,2,./parser/test_scripts/markdown-it/dist/markdown-it.min.js,2
dr,2,./parser/test_scripts/markdown-it/dist/markdown-it.min.js,2
s,1,./parser/test_scripts/markdown-it/dist/markdown-it.min.js,2
i,1,./parser/test_scripts/markdown-it/dist/markdown-it.min.js,2
normalize,9,./parser/test_scripts/markdown-it/dist/markdown-it.min.js,2
kr,2,./parser/test_scripts/markdown-it/dist/markdown-it.min.js,2
br,2,./parser/test_scripts/markdown-it/dist/markdown-it.min.js,2
vr,2,./parser/test_scripts/markdown-it/dist/markdown-it.min.js,2
Cr,2,./parser/test_scripts/markdown-it/dist/markdown-it.min.js,2
add,3,./parser/test_scripts/markdown-it/dist/markdown-it.min.js,2
set,3,./parser/test_scripts/markdown-it/dist/markdown-it.min.js,2
test,4,./parser/test_scripts/markdown-it/dist/markdown-it.min.js,2
pretest,7,./parser/test_scripts/markdown-it/dist/markdown-it.min.js,2
testSchemaAt,12,./parser/test_scripts/markdown-it/dist/markdown-it.min.js,2
match,5,./parser/test_scripts/markdown-it/dist/markdown-it.min.js,2
matchAtStart,12,./parser/test_scripts/markdown-it/dist/markdown-it.min.js,2
tlds,4,./parser/test_scripts/markdown-it/dist/markdown-it.min.js,2
normalize,9,./parser/test_scripts/markdown-it/dist/markdown-it.min.js,2
onCompile,9,./parser/test_scripts/markdown-it/dist/markdown-it.min.js,2
Lr,2,./parser/test_scripts/markdown-it/dist/markdown-it.min.js,3
zr,2,./parser/test_scripts/markdown-it/dist/markdown-it.min.js,3
Tr,2,./parser/test_scripts/markdown-it/dist/markdown-it.min.js,3
Ir,2,./parser/test_scripts/markdown-it/dist/markdown-it.min.js,3
Mr,2,./parser/test_scripts/markdown-it/dist/markdown-it.min.js,3
Rr,2,./parser/test_scripts/markdown-it/dist/markdown-it.min.js,3
Br,2,./parser/test_scripts/markdown-it/dist/markdown-it.min.js,3
Nr,2,./parser/test_scripts/markdown-it/dist/markdown-it.min.js,3
Or,2,./parser/test_scripts/markdown-it/dist/markdown-it.min.js,3
Pr,2,./parser/test_scripts/markdown-it/dist/markdown-it.min.js,3
jr,2,./parser/test_scripts/markdown-it/dist/markdown-it.min.js,3
Wr,2,./parser/test_scripts/markdown-it/dist/markdown-it.min.js,3
Kr,2,./parser/test_scripts/markdown-it/dist/markdown-it.min.js,3
Qr,2,./parser/test_scripts/markdown-it/dist/markdown-it.min.js,3
Xr,2,./parser/test_scripts/markdown-it/dist/markdown-it.min.js,3
set,3,./parser/test_scripts/markdown-it/dist/markdown-it.min.js,3
configure,9,./parser/test_scripts/markdown-it/dist/markdown-it.min.js,3
enable,6,./parser/test_scripts/markdown-it/dist/markdown-it.min.js,3
disable,7,./parser/test_scripts/markdown-it/dist/markdown-it.min.js,3
use,3,./parser/test_scripts/markdown-it/dist/markdown-it.min.js,3
parse,5,./parser/test_scripts/markdown-it/dist/markdown-it.min.js,3
render,6,./parser/test_scripts/markdown-it/dist/markdown-it.min.js,3
parseInline,11,./parser/test_scripts/markdown-it/dist/markdown-it.min.js,3
renderInline,12,./parser/test_scripts/markdown-it/dist/markdown-it.min.js,3
_class,6,./parser/test_scripts/markdown-it/lib/common/utils.js,6
isString,8,./parser/test_scripts/markdown-it/lib/common/utils.js,8
has,3,./parser/test_scripts/markdown-it/lib/common/utils.js,12
assign,6,./parser/test_scripts/markdown-it/lib/common/utils.js,18
arrayReplaceAt,14,./parser/test_scripts/markdown-it/lib/common/utils.js,38
isValidEntityCode,17,./parser/test_scripts/markdown-it/lib/common/utils.js,44
fromCodePoint,13,./parser/test_scripts/markdown-it/lib/common/utils.js,61
replaceEntityPattern,20,./parser/test_scripts/markdown-it/lib/common/utils.js,82
unescapeMd,10,./parser/test_scripts/markdown-it/lib/common/utils.js,107
unescapeAll,11,./parser/test_scripts/markdown-it/lib/common/utils.js,112
replaceUnsafeChar,17,./parser/test_scripts/markdown-it/lib/common/utils.js,132
escapeHtml,10,./parser/test_scripts/markdown-it/lib/common/utils.js,136
escapeRE,8,./parser/test_scripts/markdown-it/lib/common/utils.js,147
isSpace,7,./parser/test_scripts/markdown-it/lib/common/utils.js,153
isWhiteSpace,12,./parser/test_scripts/markdown-it/lib/common/utils.js,163
isPunctChar,11,./parser/test_scripts/markdown-it/lib/common/utils.js,188
isMdAsciiPunct,14,./parser/test_scripts/markdown-it/lib/common/utils.js,200
normalizeReference,18,./parser/test_scripts/markdown-it/lib/common/utils.js,242
parseLinkDestination,20,./parser/test_scripts/markdown-it/lib/helpers/parse_link_destination.js,9
parseLinkDestination,20,./parser/test_scripts/markdown-it/lib/helpers/parse_link_destination.js,9
parseLinkLabel,14,./parser/test_scripts/markdown-it/lib/helpers/parse_link_label.js,8
parseLinkLabel,14,./parser/test_scripts/markdown-it/lib/helpers/parse_link_label.js,8
parseLinkTitle,14,./parser/test_scripts/markdown-it/lib/helpers/parse_link_title.js,9
parseLinkTitle,14,./parser/test_scripts/markdown-it/lib/helpers/parse_link_title.js,9
validateLink,12,./parser/test_scripts/markdown-it/lib/index.js,35
normalizeLink,13,./parser/test_scripts/markdown-it/lib/index.js,47
normalizeLinkText,17,./parser/test_scripts/markdown-it/lib/index.js,67
MarkdownIt,10,./parser/test_scripts/markdown-it/lib/index.js,222
set,3,./parser/test_scripts/markdown-it/lib/index.js,371
configure,9,./parser/test_scripts/markdown-it/lib/index.js,387
enable,6,./parser/test_scripts/markdown-it/lib/index.js,431
disable,7,./parser/test_scripts/markdown-it/lib/index.js,459
use,3,./parser/test_scripts/markdown-it/lib/index.js,495
parse,5,./parser/test_scripts/markdown-it/lib/index.js,517
render,6,./parser/test_scripts/markdown-it/lib/index.js,541
parseInline,11,./parser/test_scripts/markdown-it/lib/index.js,557
renderInline,12,./parser/test_scripts/markdown-it/lib/index.js,575
ParserBlock,11,./parser/test_scripts/markdown-it/lib/parser_block.js,32
tokenize,8,./parser/test_scripts/markdown-it/lib/parser_block.js,48
parse,5,./parser/test_scripts/markdown-it/lib/parser_block.js,117
Core,4,./parser/test_scripts/markdown-it/lib/parser_core.js,29
process,7,./parser/test_scripts/markdown-it/lib/parser_core.js,48
ParserInline,12,./parser/test_scripts/markdown-it/lib/parser_inline.js,48
skipToken,9,./parser/test_scripts/markdown-it/lib/parser_inline.js,79
tokenize,8,./parser/test_scripts/markdown-it/lib/parser_inline.js,129
parse,5,./parser/test_scripts/markdown-it/lib/parser_inline.js,174
code_inline,11,./parser/test_scripts/markdown-it/lib/renderer.js,21
code_block,10,./parser/test_scripts/markdown-it/lib/renderer.js,30
fence,5,./parser/test_scripts/markdown-it/lib/renderer.js,39
image,5,./parser/test_scripts/markdown-it/lib/renderer.js,93
hardbreak,9,./parser/test_scripts/markdown-it/lib/renderer.js,108
softbreak,9,./parser/test_scripts/markdown-it/lib/renderer.js,111
text,4,./parser/test_scripts/markdown-it/lib/renderer.js,116
html_block,10,./parser/test_scripts/markdown-it/lib/renderer.js,121
html_inline,11,./parser/test_scripts/markdown-it/lib/renderer.js,124
Renderer,8,./parser/test_scripts/markdown-it/lib/renderer.js,134
renderAttrs,11,./parser/test_scripts/markdown-it/lib/renderer.js,173
renderAttrs,11,./parser/test_scripts/markdown-it/lib/renderer.js,173
renderToken,11,./parser/test_scripts/markdown-it/lib/renderer.js,197
renderToken,11,./parser/test_scripts/markdown-it/lib/renderer.js,197
renderInline,12,./parser/test_scripts/markdown-it/lib/renderer.js,266
renderInlineAsText,18,./parser/test_scripts/markdown-it/lib/renderer.js,295
render,6,./parser/test_scripts/markdown-it/lib/renderer.js,321
Ruler,5,./parser/test_scripts/markdown-it/lib/ruler.js,24
__find__,8,./parser/test_scripts/markdown-it/lib/ruler.js,50
__compile__,11,./parser/test_scripts/markdown-it/lib/ruler.js,62
at,2,./parser/test_scripts/markdown-it/lib/ruler.js,117
before,6,./parser/test_scripts/markdown-it/lib/ruler.js,153
after,5,./parser/test_scripts/markdown-it/lib/ruler.js,194
push,4,./parser/test_scripts/markdown-it/lib/ruler.js,233
enable,6,./parser/test_scripts/markdown-it/lib/ruler.js,259
enableOnly,10,./parser/test_scripts/markdown-it/lib/ruler.js,291
disable,7,./parser/test_scripts/markdown-it/lib/ruler.js,312
getRules,8,./parser/test_scripts/markdown-it/lib/ruler.js,343
blockquote,10,./parser/test_scripts/markdown-it/lib/rules_block/blockquote.js,8
blockquote,10,./parser/test_scripts/markdown-it/lib/rules_block/blockquote.js,8
code,4,./parser/test_scripts/markdown-it/lib/rules_block/code.js,6
code,4,./parser/test_scripts/markdown-it/lib/rules_block/code.js,6
fence,5,./parser/test_scripts/markdown-it/lib/rules_block/fence.js,6
fence,5,./parser/test_scripts/markdown-it/lib/rules_block/fence.js,6
heading,7,./parser/test_scripts/markdown-it/lib/rules_block/heading.js,8
heading,7,./parser/test_scripts/markdown-it/lib/rules_block/heading.js,8
hr,2,./parser/test_scripts/markdown-it/lib/rules_block/hr.js,8
hr,2,./parser/test_scripts/markdown-it/lib/rules_block/hr.js,8
html_block,10,./parser/test_scripts/markdown-it/lib/rules_block/html_block.js,23
html_block,10,./parser/test_scripts/markdown-it/lib/rules_block/html_block.js,23
lheading,8,./parser/test_scripts/markdown-it/lib/rules_block/lheading.js,6
lheading,8,./parser/test_scripts/markdown-it/lib/rules_block/lheading.js,6
skipBulletListMarker,20,./parser/test_scripts/markdown-it/lib/rules_block/list.js,10
skipOrderedListMarker,21,./parser/test_scripts/markdown-it/lib/rules_block/list.js,38
markTightParagraphs,19,./parser/test_scripts/markdown-it/lib/rules_block/list.js,86
list,4,./parser/test_scripts/markdown-it/lib/rules_block/list.js,100
list,4,./parser/test_scripts/markdown-it/lib/rules_block/list.js,100
paragraph,9,./parser/test_scripts/markdown-it/lib/rules_block/paragraph.js,6
paragraph,9,./parser/test_scripts/markdown-it/lib/rules_block/paragraph.js,6
reference,9,./parser/test_scripts/markdown-it/lib/rules_block/reference.js,8
reference,9,./parser/test_scripts/markdown-it/lib/rules_block/reference.js,8
StateBlock,10,./parser/test_scripts/markdown-it/lib/rules_block/state_block.js,9
push,4,./parser/test_scripts/markdown-it/lib/rules_block/state_block.js,110
isEmpty,7,./parser/test_scripts/markdown-it/lib/rules_block/state_block.js,122
isEmpty,7,./parser/test_scripts/markdown-it/lib/rules_block/state_block.js,122
skipEmptyLines,14,./parser/test_scripts/markdown-it/lib/rules_block/state_block.js,126
skipEmptyLines,14,./parser/test_scripts/markdown-it/lib/rules_block/state_block.js,126
skipSpaces,10,./parser/test_scripts/markdown-it/lib/rules_block/state_block.js,136
skipSpaces,10,./parser/test_scripts/markdown-it/lib/rules_block/state_block.js,136
skipSpacesBack,14,./parser/test_scripts/markdown-it/lib/rules_block/state_block.js,147
skipSpacesBack,14,./parser/test_scripts/markdown-it/lib/rules_block/state_block.js,147
skipChars,9,./parser/test_scripts/markdown-it/lib/rules_block/state_block.js,157
skipChars,9,./parser/test_scripts/markdown-it/lib/rules_block/state_block.js,157
skipCharsBack,13,./parser/test_scripts/markdown-it/lib/rules_block/state_block.js,165
skipCharsBack,13,./parser/test_scripts/markdown-it/lib/rules_block/state_block.js,165
getLines,8,./parser/test_scripts/markdown-it/lib/rules_block/state_block.js,175
getLines,8,./parser/test_scripts/markdown-it/lib/rules_block/state_block.js,175
getLine,7,./parser/test_scripts/markdown-it/lib/rules_block/table.js,8
escapedSplit,12,./parser/test_scripts/markdown-it/lib/rules_block/table.js,15
table,5,./parser/test_scripts/markdown-it/lib/rules_block/table.js,52
table,5,./parser/test_scripts/markdown-it/lib/rules_block/table.js,52
block,5,./parser/test_scripts/markdown-it/lib/rules_core/block.js,4
block,5,./parser/test_scripts/markdown-it/lib/rules_core/block.js,4
inline,6,./parser/test_scripts/markdown-it/lib/rules_core/inline.js,3
inline,6,./parser/test_scripts/markdown-it/lib/rules_core/inline.js,3
isLinkOpen,10,./parser/test_scripts/markdown-it/lib/rules_core/linkify.js,11
isLinkClose,11,./parser/test_scripts/markdown-it/lib/rules_core/linkify.js,14
linkify,7,./parser/test_scripts/markdown-it/lib/rules_core/linkify.js,19
linkify,7,./parser/test_scripts/markdown-it/lib/rules_core/linkify.js,19
normalize,9,./parser/test_scripts/markdown-it/lib/rules_core/normalize.js,11
normalize,9,./parser/test_scripts/markdown-it/lib/rules_core/normalize.js,11
replaceFn,9,./parser/test_scripts/markdown-it/lib/rules_core/replacements.js,30
replace_scoped,14,./parser/test_scripts/markdown-it/lib/rules_core/replacements.js,34
replace_rare,12,./parser/test_scripts/markdown-it/lib/rules_core/replacements.js,54
replace,7,./parser/test_scripts/markdown-it/lib/rules_core/replacements.js,87
replace,7,./parser/test_scripts/markdown-it/lib/rules_core/replacements.js,87
replaceAt,9,./parser/test_scripts/markdown-it/lib/rules_core/smartquotes.js,15
process_inlines,15,./parser/test_scripts/markdown-it/lib/rules_core/smartquotes.js,19
smartquotes,11,./parser/test_scripts/markdown-it/lib/rules_core/smartquotes.js,186
smartquotes,11,./parser/test_scripts/markdown-it/lib/rules_core/smartquotes.js,186
StateCore,9,./parser/test_scripts/markdown-it/lib/rules_core/state_core.js,8
text_join,9,./parser/test_scripts/markdown-it/lib/rules_core/text_join.js,11
text_join,9,./parser/test_scripts/markdown-it/lib/rules_core/text_join.js,11
autolink,8,./parser/test_scripts/markdown-it/lib/rules_inline/autolink.js,11
autolink,8,./parser/test_scripts/markdown-it/lib/rules_inline/autolink.js,11
backtick,8,./parser/test_scripts/markdown-it/lib/rules_inline/backticks.js,6
backtick,8,./parser/test_scripts/markdown-it/lib/rules_inline/backticks.js,6
processDelimiters,17,./parser/test_scripts/markdown-it/lib/rules_inline/balance_pairs.js,6
link_pairs,10,./parser/test_scripts/markdown-it/lib/rules_inline/balance_pairs.js,118
link_pairs,10,./parser/test_scripts/markdown-it/lib/rules_inline/balance_pairs.js,118
emphasis,8,./parser/test_scripts/markdown-it/lib/rules_inline/emphasis.js,8
emphasis,8,./parser/test_scripts/markdown-it/lib/rules_inline/emphasis.js,8
postProcess,11,./parser/test_scripts/markdown-it/lib/rules_inline/emphasis.js,55
emphasis,8,./parser/test_scripts/markdown-it/lib/rules_inline/emphasis.js,118
emphasis,8,./parser/test_scripts/markdown-it/lib/rules_inline/emphasis.js,118
entity,6,./parser/test_scripts/markdown-it/lib/rules_inline/entity.js,15
entity,6,./parser/test_scripts/markdown-it/lib/rules_inline/entity.js,15
escape,6,./parser/test_scripts/markdown-it/lib/rules_inline/escape.js,15
escape,6,./parser/test_scripts/markdown-it/lib/rules_inline/escape.js,15
fragments_join,14,./parser/test_scripts/markdown-it/lib/rules_inline/fragments_join.js,12
fragments_join,14,./parser/test_scripts/markdown-it/lib/rules_inline/fragments_join.js,12
isLinkOpen,10,./parser/test_scripts/markdown-it/lib/rules_inline/html_inline.js,9
isLinkClose,11,./parser/test_scripts/markdown-it/lib/rules_inline/html_inline.js,12
isLetter,8,./parser/test_scripts/markdown-it/lib/rules_inline/html_inline.js,17
html_inline,11,./parser/test_scripts/markdown-it/lib/rules_inline/html_inline.js,24
html_inline,11,./parser/test_scripts/markdown-it/lib/rules_inline/html_inline.js,24
image,5,./parser/test_scripts/markdown-it/lib/rules_inline/image.js,9
image,5,./parser/test_scripts/markdown-it/lib/rules_inline/image.js,9
link,4,./parser/test_scripts/markdown-it/lib/rules_inline/link.js,9
link,4,./parser/test_scripts/markdown-it/lib/rules_inline/link.js,9
linkify,7,./parser/test_scripts/markdown-it/lib/rules_inline/linkify.js,10
linkify,7,./parser/test_scripts/markdown-it/lib/rules_inline/linkify.js,10
newline,7,./parser/test_scripts/markdown-it/lib/rules_inline/newline.js,8
newline,7,./parser/test_scripts/markdown-it/lib/rules_inline/newline.js,8
StateInline,11,./parser/test_scripts/markdown-it/lib/rules_inline/state_inline.js,12
pushPending,11,./parser/test_scripts/markdown-it/lib/rules_inline/state_inline.js,47
push,4,./parser/test_scripts/markdown-it/lib/rules_inline/state_inline.js,60
scanDelims,10,./parser/test_scripts/markdown-it/lib/rules_inline/state_inline.js,97
strikethrough,13,./parser/test_scripts/markdown-it/lib/rules_inline/strikethrough.js,8
strikethrough,13,./parser/test_scripts/markdown-it/lib/rules_inline/strikethrough.js,8
postProcess,11,./parser/test_scripts/markdown-it/lib/rules_inline/strikethrough.js,49
strikethrough,13,./parser/test_scripts/markdown-it/lib/rules_inline/strikethrough.js,118
strikethrough,13,./parser/test_scripts/markdown-it/lib/rules_inline/strikethrough.js,118
isTerminatorChar,16,./parser/test_scripts/markdown-it/lib/rules_inline/text.js,14
text,4,./parser/test_scripts/markdown-it/lib/rules_inline/text.js,45
text,4,./parser/test_scripts/markdown-it/lib/rules_inline/text.js,45
Token,5,./parser/test_scripts/markdown-it/lib/token.js,15
attrIndex,9,./parser/test_scripts/markdown-it/lib/token.js,125
attrIndex,9,./parser/test_scripts/markdown-it/lib/token.js,125
attrPush,8,./parser/test_scripts/markdown-it/lib/token.js,144
attrPush,8,./parser/test_scripts/markdown-it/lib/token.js,144
attrSet,7,./parser/test_scripts/markdown-it/lib/token.js,158
attrSet,7,./parser/test_scripts/markdown-it/lib/token.js,158
attrGet,7,./parser/test_scripts/markdown-it/lib/token.js,175
attrGet,7,./parser/test_scripts/markdown-it/lib/token.js,175
attrJoin,8,./parser/test_scripts/markdown-it/lib/token.js,190
attrJoin,8,./parser/test_scripts/markdown-it/lib/token.js,190
highlight,9,./parser/test_scripts/markdown-it/support/demo_template/index.js,83
setOptionClass,14,./parser/test_scripts/markdown-it/support/demo_template/index.js,113
setResultView,13,./parser/test_scripts/markdown-it/support/demo_template/index.js,121
table_open,10,./parser/test_scripts/markdown-it/support/demo_template/index.js,157
emoji,5,./parser/test_scripts/markdown-it/support/demo_template/index.js,161
injectLineNumbers,17,./parser/test_scripts/markdown-it/support/demo_template/index.js,171
mdInit,6,./parser/test_scripts/markdown-it/support/demo_template/index.js,129
setHighlightedlContent,22,./parser/test_scripts/markdown-it/support/demo_template/index.js,184
updateResult,12,./parser/test_scripts/markdown-it/support/demo_template/index.js,192
buildScrollMap,14,./parser/test_scripts/markdown-it/support/demo_template/index.js,232
loadPermalink,13,./parser/test_scripts/markdown-it/support/demo_template/index.js,353
timeout,7,./parser/test_scripts/markdown-it/test/babelmark-responder.js,10
normalize,9,./parser/test_scripts/markdown-it/test/commonmark.js,9
generate,8,./parser/test_scripts/markdown-it/test/commonmark.js,14
plugin,6,./parser/test_scripts/markdown-it/test/misc.js,35
em_open,7,./parser/test_scripts/markdown-it/test/misc.js,244
em_close,8,./parser/test_scripts/markdown-it/test/misc.js,245
paragraph_open,14,./parser/test_scripts/markdown-it/test/misc.js,246
paragraph_close,15,./parser/test_scripts/markdown-it/test/misc.js,247
normalizeLink,13,./parser/test_scripts/markdown-it/test/misc.js,312
normalizeLinkText,17,./parser/test_scripts/markdown-it/test/misc.js,316
validateLink,12,./parser/test_scripts/markdown-it/test/misc.js,337
type_filter,11,./parser/test_scripts/markdown-it/test/misc.js,415
test_pattern,12,./parser/test_scripts/markdown-it/test/pathological.js,10
render,6,./parser/test_scripts/markdown-it/test/pathological_worker.js,5
foo,3,./parser/test_scripts/markdown-it/test/ruler.js,13
bar,3,./parser/test_scripts/markdown-it/test/ruler.js,14
foo,3,./parser/test_scripts/markdown-it/test/ruler.js,28
fooBefore,9,./parser/test_scripts/markdown-it/test/ruler.js,29
fooAfter,8,./parser/test_scripts/markdown-it/test/ruler.js,30
foo,3,./parser/test_scripts/markdown-it/test/ruler.js,47
bar,3,./parser/test_scripts/markdown-it/test/ruler.js,48
foo,3,./parser/test_scripts/markdown-it/test/ruler.js,72
bar,3,./parser/test_scripts/markdown-it/test/ruler.js,73
foo,3,./parser/test_scripts/markdown-it/test/ruler.js,87
bar,3,./parser/test_scripts/markdown-it/test/ruler.js,88
foo,3,./parser/test_scripts/markdown-it/test/ruler.js,99
bar,3,./parser/test_scripts/markdown-it/test/ruler.js,100
bar,3,./parser/test_scripts/markdown-it/test/ruler.js,101
foo,3,./parser/test_scripts/markdown-it/test/ruler.js,115
bar,3,./parser/test_scripts/markdown-it/test/ruler.js,118
bar,3,./parser/test_scripts/markdown-it/test/ruler.js,121
bar,3,./parser/test_scripts/markdown-it/test/ruler.js,124
foo,3,./parser/test_scripts/markdown-it/test/ruler.js,138
