exports,7,./parser/test_scripts/Sortable/babel.config.js,1
ownKeys,7,./parser/test_scripts/Sortable/modular/sortable.complete.esm.js,7
_objectSpread2,14,./parser/test_scripts/Sortable/modular/sortable.complete.esm.js,25
_typeof,7,./parser/test_scripts/Sortable/modular/sortable.complete.esm.js,45
_defineProperty,15,./parser/test_scripts/Sortable/modular/sortable.complete.esm.js,61
_extends,8,./parser/test_scripts/Sortable/modular/sortable.complete.esm.js,76
_objectWithoutPropertiesLoose,29,./parser/test_scripts/Sortable/modular/sortable.complete.esm.js,94
_objectWithoutProperties,24,./parser/test_scripts/Sortable/modular/sortable.complete.esm.js,109
_toConsumableArray,18,./parser/test_scripts/Sortable/modular/sortable.complete.esm.js,130
_arrayWithoutHoles,18,./parser/test_scripts/Sortable/modular/sortable.complete.esm.js,134
_iterableToArray,16,./parser/test_scripts/Sortable/modular/sortable.complete.esm.js,138
_unsupportedIterableToArray,27,./parser/test_scripts/Sortable/modular/sortable.complete.esm.js,142
_arrayLikeToArray,17,./parser/test_scripts/Sortable/modular/sortable.complete.esm.js,151
_nonIterableSpread,18,./parser/test_scripts/Sortable/modular/sortable.complete.esm.js,159
userAgent,9,./parser/test_scripts/Sortable/modular/sortable.complete.esm.js,165
on,2,./parser/test_scripts/Sortable/modular/sortable.complete.esm.js,183
off,3,./parser/test_scripts/Sortable/modular/sortable.complete.esm.js,187
matches,7,./parser/test_scripts/Sortable/modular/sortable.complete.esm.js,191
getParentOrHost,15,./parser/test_scripts/Sortable/modular/sortable.complete.esm.js,216
closest,7,./parser/test_scripts/Sortable/modular/sortable.complete.esm.js,220
toggleClass,11,./parser/test_scripts/Sortable/modular/sortable.complete.esm.js,245
css,3,./parser/test_scripts/Sortable/modular/sortable.complete.esm.js,256
matrix,6,./parser/test_scripts/Sortable/modular/sortable.complete.esm.js,278
find,4,./parser/test_scripts/Sortable/modular/sortable.complete.esm.js,301
getWindowScrollingElement,25,./parser/test_scripts/Sortable/modular/sortable.complete.esm.js,319
getRect,7,./parser/test_scripts/Sortable/modular/sortable.complete.esm.js,339
isScrolledPast,14,./parser/test_scripts/Sortable/modular/sortable.complete.esm.js,416
getChild,8,./parser/test_scripts/Sortable/modular/sortable.complete.esm.js,448
lastChild,9,./parser/test_scripts/Sortable/modular/sortable.complete.esm.js,475
index,5,./parser/test_scripts/Sortable/modular/sortable.complete.esm.js,493
getRelativeScrollOffset,23,./parser/test_scripts/Sortable/modular/sortable.complete.esm.js,518
indexOfObject,13,./parser/test_scripts/Sortable/modular/sortable.complete.esm.js,543
getParentAutoScrollElement,26,./parser/test_scripts/Sortable/modular/sortable.complete.esm.js,555
extend,6,./parser/test_scripts/Sortable/modular/sortable.complete.esm.js,579
isRectEqual,11,./parser/test_scripts/Sortable/modular/sortable.complete.esm.js,591
throttle,8,./parser/test_scripts/Sortable/modular/sortable.complete.esm.js,597
cancelThrottle,14,./parser/test_scripts/Sortable/modular/sortable.complete.esm.js,616
scrollBy,8,./parser/test_scripts/Sortable/modular/sortable.complete.esm.js,621
clone,5,./parser/test_scripts/Sortable/modular/sortable.complete.esm.js,626
setRect,7,./parser/test_scripts/Sortable/modular/sortable.complete.esm.js,639
unsetRect,9,./parser/test_scripts/Sortable/modular/sortable.complete.esm.js,647
captureAnimationState,21,./parser/test_scripts/Sortable/modular/sortable.complete.esm.js,661
addAnimationState,17,./parser/test_scripts/Sortable/modular/sortable.complete.esm.js,687
removeAnimationState,20,./parser/test_scripts/Sortable/modular/sortable.complete.esm.js,690
animateAll,10,./parser/test_scripts/Sortable/modular/sortable.complete.esm.js,695
animate,7,./parser/test_scripts/Sortable/modular/sortable.complete.esm.js,771
AnimationStateManager,21,./parser/test_scripts/Sortable/modular/sortable.complete.esm.js,657
repaint,7,./parser/test_scripts/Sortable/modular/sortable.complete.esm.js,800
calculateRealTime,17,./parser/test_scripts/Sortable/modular/sortable.complete.esm.js,804
mount,5,./parser/test_scripts/Sortable/modular/sortable.complete.esm.js,813
cancel,6,./parser/test_scripts/Sortable/modular/sortable.complete.esm.js,833
pluginEvent,11,./parser/test_scripts/Sortable/modular/sortable.complete.esm.js,828
initializePlugins,17,./parser/test_scripts/Sortable/modular/sortable.complete.esm.js,856
getEventProperties,18,./parser/test_scripts/Sortable/modular/sortable.complete.esm.js,877
modifyOption,12,./parser/test_scripts/Sortable/modular/sortable.complete.esm.js,886
dispatchEvent,13,./parser/test_scripts/Sortable/modular/sortable.complete.esm.js,900
cloneNowHidden,14,./parser/test_scripts/Sortable/modular/sortable.complete.esm.js,983
cloneNowShown,13,./parser/test_scripts/Sortable/modular/sortable.complete.esm.js,986
dispatchSortableEvent,21,./parser/test_scripts/Sortable/modular/sortable.complete.esm.js,989
pluginEvent,11,./parser/test_scripts/Sortable/modular/sortable.complete.esm.js,959
pluginEvent,11,./parser/test_scripts/Sortable/modular/sortable.complete.esm.js,959
_dispatchEvent,14,./parser/test_scripts/Sortable/modular/sortable.complete.esm.js,999
_detectDirection,16,./parser/test_scripts/Sortable/modular/sortable.complete.esm.js,1065
_detectDirection,16,./parser/test_scripts/Sortable/modular/sortable.complete.esm.js,1065
_dragElInRowColumn,18,./parser/test_scripts/Sortable/modular/sortable.complete.esm.js,1090
_dragElInRowColumn,18,./parser/test_scripts/Sortable/modular/sortable.complete.esm.js,1090
_detectNearestEmptySortable,27,./parser/test_scripts/Sortable/modular/sortable.complete.esm.js,1106
_detectNearestEmptySortable,27,./parser/test_scripts/Sortable/modular/sortable.complete.esm.js,1106
toFn,4,./parser/test_scripts/Sortable/modular/sortable.complete.esm.js,1122
_prepareGroup,13,./parser/test_scripts/Sortable/modular/sortable.complete.esm.js,1121
_prepareGroup,13,./parser/test_scripts/Sortable/modular/sortable.complete.esm.js,1121
_hideGhostForTarget,19,./parser/test_scripts/Sortable/modular/sortable.complete.esm.js,1158
_hideGhostForTarget,19,./parser/test_scripts/Sortable/modular/sortable.complete.esm.js,1158
_unhideGhostForTarget,21,./parser/test_scripts/Sortable/modular/sortable.complete.esm.js,1163
_unhideGhostForTarget,21,./parser/test_scripts/Sortable/modular/sortable.complete.esm.js,1163
nearestEmptyInsertDetectEvent,29,./parser/test_scripts/Sortable/modular/sortable.complete.esm.js,1182
nearestEmptyInsertDetectEvent,29,./parser/test_scripts/Sortable/modular/sortable.complete.esm.js,1182
_checkOutsideTargetEl,21,./parser/test_scripts/Sortable/modular/sortable.complete.esm.js,1207
_checkOutsideTargetEl,21,./parser/test_scripts/Sortable/modular/sortable.complete.esm.js,1207
direction,9,./parser/test_scripts/Sortable/modular/sortable.complete.esm.js,1243
setData,7,./parser/test_scripts/Sortable/modular/sortable.complete.esm.js,1254
Sortable,8,./parser/test_scripts/Sortable/modular/sortable.complete.esm.js,1219
_isOutsideThisEl,16,./parser/test_scripts/Sortable/modular/sortable.complete.esm.js,1321
_getDirection,13,./parser/test_scripts/Sortable/modular/sortable.complete.esm.js,1326
_onTapStart,11,./parser/test_scripts/Sortable/modular/sortable.complete.esm.js,1329
dragStartFn,11,./parser/test_scripts/Sortable/modular/sortable.complete.esm.js,1464
_prepareDragStart,17,./parser/test_scripts/Sortable/modular/sortable.complete.esm.js,1431
_delayedDragTouchMoveHandler,28,./parser/test_scripts/Sortable/modular/sortable.complete.esm.js,1539
_disableDelayedDrag,19,./parser/test_scripts/Sortable/modular/sortable.complete.esm.js,1548
_disableDelayedDragEvents,25,./parser/test_scripts/Sortable/modular/sortable.complete.esm.js,1554
_triggerDragStart,17,./parser/test_scripts/Sortable/modular/sortable.complete.esm.js,1563
_dragStarted,12,./parser/test_scripts/Sortable/modular/sortable.complete.esm.js,1594
_emulateDragOver,16,./parser/test_scripts/Sortable/modular/sortable.complete.esm.js,1623
_onTouchMove,12,./parser/test_scripts/Sortable/modular/sortable.complete.esm.js,1666
_appendGhost,12,./parser/test_scripts/Sortable/modular/sortable.complete.esm.js,1717
_onDragStart,12,./parser/test_scripts/Sortable/modular/sortable.complete.esm.js,1766
onMove,6,./parser/test_scripts/Sortable/modular/sortable.complete.esm.js,1878
dragOverEvent,13,./parser/test_scripts/Sortable/modular/sortable.complete.esm.js,1866
capture,7,./parser/test_scripts/Sortable/modular/sortable.complete.esm.js,1886
completed,9,./parser/test_scripts/Sortable/modular/sortable.complete.esm.js,1897
changed,7,./parser/test_scripts/Sortable/modular/sortable.complete.esm.js,1956
_onDragOver,11,./parser/test_scripts/Sortable/modular/sortable.complete.esm.js,1846
_offMoveEvents,14,./parser/test_scripts/Sortable/modular/sortable.complete.esm.js,2145
_offUpEvents,12,./parser/test_scripts/Sortable/modular/sortable.complete.esm.js,2153
_onDrop,7,./parser/test_scripts/Sortable/modular/sortable.complete.esm.js,2161
_nulling,8,./parser/test_scripts/Sortable/modular/sortable.complete.esm.js,2327
handleEvent,11,./parser/test_scripts/Sortable/modular/sortable.complete.esm.js,2335
toArray,7,./parser/test_scripts/Sortable/modular/sortable.complete.esm.js,2365
sort,4,./parser/test_scripts/Sortable/modular/sortable.complete.esm.js,2388
save,4,./parser/test_scripts/Sortable/modular/sortable.complete.esm.js,2411
closest$1,9,./parser/test_scripts/Sortable/modular/sortable.complete.esm.js,2422
option,6,./parser/test_scripts/Sortable/modular/sortable.complete.esm.js,2432
destroy,7,./parser/test_scripts/Sortable/modular/sortable.complete.esm.js,2455
_hideClone,10,./parser/test_scripts/Sortable/modular/sortable.complete.esm.js,2480
_showClone,10,./parser/test_scripts/Sortable/modular/sortable.complete.esm.js,2493
_globalDragOver,15,./parser/test_scripts/Sortable/modular/sortable.complete.esm.js,2522
_onMove,7,./parser/test_scripts/Sortable/modular/sortable.complete.esm.js,2532
_disableDraggable,17,./parser/test_scripts/Sortable/modular/sortable.complete.esm.js,2565
_unsilent,9,./parser/test_scripts/Sortable/modular/sortable.complete.esm.js,2569
_ghostIsFirst,13,./parser/test_scripts/Sortable/modular/sortable.complete.esm.js,2573
_ghostIsLast,12,./parser/test_scripts/Sortable/modular/sortable.complete.esm.js,2579
_getSwapDirection,17,./parser/test_scripts/Sortable/modular/sortable.complete.esm.js,2585
_getInsertDirection,19,./parser/test_scripts/Sortable/modular/sortable.complete.esm.js,2638
_generateId,11,./parser/test_scripts/Sortable/modular/sortable.complete.esm.js,2653
_saveInputCheckedState,22,./parser/test_scripts/Sortable/modular/sortable.complete.esm.js,2665
_nextTick,9,./parser/test_scripts/Sortable/modular/sortable.complete.esm.js,2676
_cancelNextTick,15,./parser/test_scripts/Sortable/modular/sortable.complete.esm.js,2680
is,2,./parser/test_scripts/Sortable/modular/sortable.complete.esm.js,2699
get,3,./parser/test_scripts/Sortable/modular/sortable.complete.esm.js,2719
mount,5,./parser/test_scripts/Sortable/modular/sortable.complete.esm.js,2728
create,6,./parser/test_scripts/Sortable/modular/sortable.complete.esm.js,2750
AutoScroll,10,./parser/test_scripts/Sortable/modular/sortable.complete.esm.js,2767
dragStarted,11,./parser/test_scripts/Sortable/modular/sortable.complete.esm.js,2784
dragOverCompleted,17,./parser/test_scripts/Sortable/modular/sortable.complete.esm.js,2799
drop,4,./parser/test_scripts/Sortable/modular/sortable.complete.esm.js,2807
nulling,7,./parser/test_scripts/Sortable/modular/sortable.complete.esm.js,2820
_handleFallbackAutoScroll,25,./parser/test_scripts/Sortable/modular/sortable.complete.esm.js,2824
_handleAutoScroll,17,./parser/test_scripts/Sortable/modular/sortable.complete.esm.js,2827
AutoScrollPlugin,16,./parser/test_scripts/Sortable/modular/sortable.complete.esm.js,2766
clearAutoScrolls,16,./parser/test_scripts/Sortable/modular/sortable.complete.esm.js,2876
clearPointerElemChangedInterval,31,./parser/test_scripts/Sortable/modular/sortable.complete.esm.js,2883
drop,4,./parser/test_scripts/Sortable/modular/sortable.complete.esm.js,2987
drop,4,./parser/test_scripts/Sortable/modular/sortable.complete.esm.js,2987
Revert,6,./parser/test_scripts/Sortable/modular/sortable.complete.esm.js,3011
dragStart,9,./parser/test_scripts/Sortable/modular/sortable.complete.esm.js,3015
onSpill,7,./parser/test_scripts/Sortable/modular/sortable.complete.esm.js,3019
Remove,6,./parser/test_scripts/Sortable/modular/sortable.complete.esm.js,3049
onSpill,7,./parser/test_scripts/Sortable/modular/sortable.complete.esm.js,3052
Swap,4,./parser/test_scripts/Sortable/modular/sortable.complete.esm.js,3070
dragStart,9,./parser/test_scripts/Sortable/modular/sortable.complete.esm.js,3077
dragOverValid,13,./parser/test_scripts/Sortable/modular/sortable.complete.esm.js,3081
drop,4,./parser/test_scripts/Sortable/modular/sortable.complete.esm.js,3111
nulling,7,./parser/test_scripts/Sortable/modular/sortable.complete.esm.js,3129
eventProperties,15,./parser/test_scripts/Sortable/modular/sortable.complete.esm.js,3135
SwapPlugin,10,./parser/test_scripts/Sortable/modular/sortable.complete.esm.js,3069
swapNodes,9,./parser/test_scripts/Sortable/modular/sortable.complete.esm.js,3143
setData,7,./parser/test_scripts/Sortable/modular/sortable.complete.esm.js,3198
MultiDrag,9,./parser/test_scripts/Sortable/modular/sortable.complete.esm.js,3175
delayStartGlobal,16,./parser/test_scripts/Sortable/modular/sortable.complete.esm.js,3217
delayEnded,10,./parser/test_scripts/Sortable/modular/sortable.complete.esm.js,3221
setupClone,10,./parser/test_scripts/Sortable/modular/sortable.complete.esm.js,3224
clone,5,./parser/test_scripts/Sortable/modular/sortable.complete.esm.js,3242
showClone,9,./parser/test_scripts/Sortable/modular/sortable.complete.esm.js,3257
hideClone,9,./parser/test_scripts/Sortable/modular/sortable.complete.esm.js,3270
dragStartGlobal,15,./parser/test_scripts/Sortable/modular/sortable.complete.esm.js,3288
dragStarted,11,./parser/test_scripts/Sortable/modular/sortable.complete.esm.js,3304
dragOver,8,./parser/test_scripts/Sortable/modular/sortable.complete.esm.js,3350
revert,6,./parser/test_scripts/Sortable/modular/sortable.complete.esm.js,3360
dragOverCompleted,17,./parser/test_scripts/Sortable/modular/sortable.complete.esm.js,3381
dragOverAnimationCapture,24,./parser/test_scripts/Sortable/modular/sortable.complete.esm.js,3440
dragOverAnimationComplete,25,./parser/test_scripts/Sortable/modular/sortable.complete.esm.js,3455
drop,4,./parser/test_scripts/Sortable/modular/sortable.complete.esm.js,3461
nullingGlobal,13,./parser/test_scripts/Sortable/modular/sortable.complete.esm.js,3614
destroyGlobal,13,./parser/test_scripts/Sortable/modular/sortable.complete.esm.js,3618
_deselectMultiDrag,18,./parser/test_scripts/Sortable/modular/sortable.complete.esm.js,3627
_checkKeyDown,13,./parser/test_scripts/Sortable/modular/sortable.complete.esm.js,3649
_checkKeyUp,11,./parser/test_scripts/Sortable/modular/sortable.complete.esm.js,3654
select,6,./parser/test_scripts/Sortable/modular/sortable.complete.esm.js,3668
deselect,8,./parser/test_scripts/Sortable/modular/sortable.complete.esm.js,3686
eventProperties,15,./parser/test_scripts/Sortable/modular/sortable.complete.esm.js,3694
multiDragKey,12,./parser/test_scripts/Sortable/modular/sortable.complete.esm.js,3728
MultiDragPlugin,15,./parser/test_scripts/Sortable/modular/sortable.complete.esm.js,3174
insertMultiDragElements,23,./parser/test_scripts/Sortable/modular/sortable.complete.esm.js,3743
insertMultiDragClones,21,./parser/test_scripts/Sortable/modular/sortable.complete.esm.js,3761
removeMultiDragElements,23,./parser/test_scripts/Sortable/modular/sortable.complete.esm.js,3773
ownKeys,7,./parser/test_scripts/Sortable/modular/sortable.core.esm.js,7
_objectSpread2,14,./parser/test_scripts/Sortable/modular/sortable.core.esm.js,25
_typeof,7,./parser/test_scripts/Sortable/modular/sortable.core.esm.js,45
_defineProperty,15,./parser/test_scripts/Sortable/modular/sortable.core.esm.js,61
_extends,8,./parser/test_scripts/Sortable/modular/sortable.core.esm.js,76
_objectWithoutPropertiesLoose,29,./parser/test_scripts/Sortable/modular/sortable.core.esm.js,94
_objectWithoutProperties,24,./parser/test_scripts/Sortable/modular/sortable.core.esm.js,109
_toConsumableArray,18,./parser/test_scripts/Sortable/modular/sortable.core.esm.js,130
_arrayWithoutHoles,18,./parser/test_scripts/Sortable/modular/sortable.core.esm.js,134
_iterableToArray,16,./parser/test_scripts/Sortable/modular/sortable.core.esm.js,138
_unsupportedIterableToArray,27,./parser/test_scripts/Sortable/modular/sortable.core.esm.js,142
_arrayLikeToArray,17,./parser/test_scripts/Sortable/modular/sortable.core.esm.js,151
_nonIterableSpread,18,./parser/test_scripts/Sortable/modular/sortable.core.esm.js,159
userAgent,9,./parser/test_scripts/Sortable/modular/sortable.core.esm.js,165
on,2,./parser/test_scripts/Sortable/modular/sortable.core.esm.js,183
off,3,./parser/test_scripts/Sortable/modular/sortable.core.esm.js,187
matches,7,./parser/test_scripts/Sortable/modular/sortable.core.esm.js,191
getParentOrHost,15,./parser/test_scripts/Sortable/modular/sortable.core.esm.js,216
closest,7,./parser/test_scripts/Sortable/modular/sortable.core.esm.js,220
toggleClass,11,./parser/test_scripts/Sortable/modular/sortable.core.esm.js,245
css,3,./parser/test_scripts/Sortable/modular/sortable.core.esm.js,256
matrix,6,./parser/test_scripts/Sortable/modular/sortable.core.esm.js,278
find,4,./parser/test_scripts/Sortable/modular/sortable.core.esm.js,301
getWindowScrollingElement,25,./parser/test_scripts/Sortable/modular/sortable.core.esm.js,319
getRect,7,./parser/test_scripts/Sortable/modular/sortable.core.esm.js,339
isScrolledPast,14,./parser/test_scripts/Sortable/modular/sortable.core.esm.js,416
getChild,8,./parser/test_scripts/Sortable/modular/sortable.core.esm.js,448
lastChild,9,./parser/test_scripts/Sortable/modular/sortable.core.esm.js,475
index,5,./parser/test_scripts/Sortable/modular/sortable.core.esm.js,493
getRelativeScrollOffset,23,./parser/test_scripts/Sortable/modular/sortable.core.esm.js,518
indexOfObject,13,./parser/test_scripts/Sortable/modular/sortable.core.esm.js,543
getParentAutoScrollElement,26,./parser/test_scripts/Sortable/modular/sortable.core.esm.js,555
extend,6,./parser/test_scripts/Sortable/modular/sortable.core.esm.js,579
isRectEqual,11,./parser/test_scripts/Sortable/modular/sortable.core.esm.js,591
throttle,8,./parser/test_scripts/Sortable/modular/sortable.core.esm.js,597
cancelThrottle,14,./parser/test_scripts/Sortable/modular/sortable.core.esm.js,616
scrollBy,8,./parser/test_scripts/Sortable/modular/sortable.core.esm.js,621
clone,5,./parser/test_scripts/Sortable/modular/sortable.core.esm.js,626
setRect,7,./parser/test_scripts/Sortable/modular/sortable.core.esm.js,639
unsetRect,9,./parser/test_scripts/Sortable/modular/sortable.core.esm.js,647
captureAnimationState,21,./parser/test_scripts/Sortable/modular/sortable.core.esm.js,661
addAnimationState,17,./parser/test_scripts/Sortable/modular/sortable.core.esm.js,687
removeAnimationState,20,./parser/test_scripts/Sortable/modular/sortable.core.esm.js,690
animateAll,10,./parser/test_scripts/Sortable/modular/sortable.core.esm.js,695
animate,7,./parser/test_scripts/Sortable/modular/sortable.core.esm.js,771
AnimationStateManager,21,./parser/test_scripts/Sortable/modular/sortable.core.esm.js,657
repaint,7,./parser/test_scripts/Sortable/modular/sortable.core.esm.js,800
calculateRealTime,17,./parser/test_scripts/Sortable/modular/sortable.core.esm.js,804
mount,5,./parser/test_scripts/Sortable/modular/sortable.core.esm.js,813
cancel,6,./parser/test_scripts/Sortable/modular/sortable.core.esm.js,833
pluginEvent,11,./parser/test_scripts/Sortable/modular/sortable.core.esm.js,828
initializePlugins,17,./parser/test_scripts/Sortable/modular/sortable.core.esm.js,856
getEventProperties,18,./parser/test_scripts/Sortable/modular/sortable.core.esm.js,877
modifyOption,12,./parser/test_scripts/Sortable/modular/sortable.core.esm.js,886
dispatchEvent,13,./parser/test_scripts/Sortable/modular/sortable.core.esm.js,900
cloneNowHidden,14,./parser/test_scripts/Sortable/modular/sortable.core.esm.js,983
cloneNowShown,13,./parser/test_scripts/Sortable/modular/sortable.core.esm.js,986
dispatchSortableEvent,21,./parser/test_scripts/Sortable/modular/sortable.core.esm.js,989
pluginEvent,11,./parser/test_scripts/Sortable/modular/sortable.core.esm.js,959
pluginEvent,11,./parser/test_scripts/Sortable/modular/sortable.core.esm.js,959
_dispatchEvent,14,./parser/test_scripts/Sortable/modular/sortable.core.esm.js,999
_detectDirection,16,./parser/test_scripts/Sortable/modular/sortable.core.esm.js,1065
_detectDirection,16,./parser/test_scripts/Sortable/modular/sortable.core.esm.js,1065
_dragElInRowColumn,18,./parser/test_scripts/Sortable/modular/sortable.core.esm.js,1090
_dragElInRowColumn,18,./parser/test_scripts/Sortable/modular/sortable.core.esm.js,1090
_detectNearestEmptySortable,27,./parser/test_scripts/Sortable/modular/sortable.core.esm.js,1106
_detectNearestEmptySortable,27,./parser/test_scripts/Sortable/modular/sortable.core.esm.js,1106
toFn,4,./parser/test_scripts/Sortable/modular/sortable.core.esm.js,1122
_prepareGroup,13,./parser/test_scripts/Sortable/modular/sortable.core.esm.js,1121
_prepareGroup,13,./parser/test_scripts/Sortable/modular/sortable.core.esm.js,1121
_hideGhostForTarget,19,./parser/test_scripts/Sortable/modular/sortable.core.esm.js,1158
_hideGhostForTarget,19,./parser/test_scripts/Sortable/modular/sortable.core.esm.js,1158
_unhideGhostForTarget,21,./parser/test_scripts/Sortable/modular/sortable.core.esm.js,1163
_unhideGhostForTarget,21,./parser/test_scripts/Sortable/modular/sortable.core.esm.js,1163
nearestEmptyInsertDetectEvent,29,./parser/test_scripts/Sortable/modular/sortable.core.esm.js,1182
nearestEmptyInsertDetectEvent,29,./parser/test_scripts/Sortable/modular/sortable.core.esm.js,1182
_checkOutsideTargetEl,21,./parser/test_scripts/Sortable/modular/sortable.core.esm.js,1207
_checkOutsideTargetEl,21,./parser/test_scripts/Sortable/modular/sortable.core.esm.js,1207
direction,9,./parser/test_scripts/Sortable/modular/sortable.core.esm.js,1243
setData,7,./parser/test_scripts/Sortable/modular/sortable.core.esm.js,1254
Sortable,8,./parser/test_scripts/Sortable/modular/sortable.core.esm.js,1219
_isOutsideThisEl,16,./parser/test_scripts/Sortable/modular/sortable.core.esm.js,1321
_getDirection,13,./parser/test_scripts/Sortable/modular/sortable.core.esm.js,1326
_onTapStart,11,./parser/test_scripts/Sortable/modular/sortable.core.esm.js,1329
dragStartFn,11,./parser/test_scripts/Sortable/modular/sortable.core.esm.js,1464
_prepareDragStart,17,./parser/test_scripts/Sortable/modular/sortable.core.esm.js,1431
_delayedDragTouchMoveHandler,28,./parser/test_scripts/Sortable/modular/sortable.core.esm.js,1539
_disableDelayedDrag,19,./parser/test_scripts/Sortable/modular/sortable.core.esm.js,1548
_disableDelayedDragEvents,25,./parser/test_scripts/Sortable/modular/sortable.core.esm.js,1554
_triggerDragStart,17,./parser/test_scripts/Sortable/modular/sortable.core.esm.js,1563
_dragStarted,12,./parser/test_scripts/Sortable/modular/sortable.core.esm.js,1594
_emulateDragOver,16,./parser/test_scripts/Sortable/modular/sortable.core.esm.js,1623
_onTouchMove,12,./parser/test_scripts/Sortable/modular/sortable.core.esm.js,1666
_appendGhost,12,./parser/test_scripts/Sortable/modular/sortable.core.esm.js,1717
_onDragStart,12,./parser/test_scripts/Sortable/modular/sortable.core.esm.js,1766
onMove,6,./parser/test_scripts/Sortable/modular/sortable.core.esm.js,1878
dragOverEvent,13,./parser/test_scripts/Sortable/modular/sortable.core.esm.js,1866
capture,7,./parser/test_scripts/Sortable/modular/sortable.core.esm.js,1886
completed,9,./parser/test_scripts/Sortable/modular/sortable.core.esm.js,1897
changed,7,./parser/test_scripts/Sortable/modular/sortable.core.esm.js,1956
_onDragOver,11,./parser/test_scripts/Sortable/modular/sortable.core.esm.js,1846
_offMoveEvents,14,./parser/test_scripts/Sortable/modular/sortable.core.esm.js,2145
_offUpEvents,12,./parser/test_scripts/Sortable/modular/sortable.core.esm.js,2153
_onDrop,7,./parser/test_scripts/Sortable/modular/sortable.core.esm.js,2161
_nulling,8,./parser/test_scripts/Sortable/modular/sortable.core.esm.js,2327
handleEvent,11,./parser/test_scripts/Sortable/modular/sortable.core.esm.js,2335
toArray,7,./parser/test_scripts/Sortable/modular/sortable.core.esm.js,2365
sort,4,./parser/test_scripts/Sortable/modular/sortable.core.esm.js,2388
save,4,./parser/test_scripts/Sortable/modular/sortable.core.esm.js,2411
closest$1,9,./parser/test_scripts/Sortable/modular/sortable.core.esm.js,2422
option,6,./parser/test_scripts/Sortable/modular/sortable.core.esm.js,2432
destroy,7,./parser/test_scripts/Sortable/modular/sortable.core.esm.js,2455
_hideClone,10,./parser/test_scripts/Sortable/modular/sortable.core.esm.js,2480
_showClone,10,./parser/test_scripts/Sortable/modular/sortable.core.esm.js,2493
_globalDragOver,15,./parser/test_scripts/Sortable/modular/sortable.core.esm.js,2522
_onMove,7,./parser/test_scripts/Sortable/modular/sortable.core.esm.js,2532
_disableDraggable,17,./parser/test_scripts/Sortable/modular/sortable.core.esm.js,2565
_unsilent,9,./parser/test_scripts/Sortable/modular/sortable.core.esm.js,2569
_ghostIsFirst,13,./parser/test_scripts/Sortable/modular/sortable.core.esm.js,2573
_ghostIsLast,12,./parser/test_scripts/Sortable/modular/sortable.core.esm.js,2579
_getSwapDirection,17,./parser/test_scripts/Sortable/modular/sortable.core.esm.js,2585
_getInsertDirection,19,./parser/test_scripts/Sortable/modular/sortable.core.esm.js,2638
_generateId,11,./parser/test_scripts/Sortable/modular/sortable.core.esm.js,2653
_saveInputCheckedState,22,./parser/test_scripts/Sortable/modular/sortable.core.esm.js,2665
_nextTick,9,./parser/test_scripts/Sortable/modular/sortable.core.esm.js,2676
_cancelNextTick,15,./parser/test_scripts/Sortable/modular/sortable.core.esm.js,2680
is,2,./parser/test_scripts/Sortable/modular/sortable.core.esm.js,2699
get,3,./parser/test_scripts/Sortable/modular/sortable.core.esm.js,2719
mount,5,./parser/test_scripts/Sortable/modular/sortable.core.esm.js,2728
create,6,./parser/test_scripts/Sortable/modular/sortable.core.esm.js,2750
AutoScroll,10,./parser/test_scripts/Sortable/modular/sortable.core.esm.js,2767
dragStarted,11,./parser/test_scripts/Sortable/modular/sortable.core.esm.js,2784
dragOverCompleted,17,./parser/test_scripts/Sortable/modular/sortable.core.esm.js,2799
drop,4,./parser/test_scripts/Sortable/modular/sortable.core.esm.js,2807
nulling,7,./parser/test_scripts/Sortable/modular/sortable.core.esm.js,2820
_handleFallbackAutoScroll,25,./parser/test_scripts/Sortable/modular/sortable.core.esm.js,2824
_handleAutoScroll,17,./parser/test_scripts/Sortable/modular/sortable.core.esm.js,2827
AutoScrollPlugin,16,./parser/test_scripts/Sortable/modular/sortable.core.esm.js,2766
clearAutoScrolls,16,./parser/test_scripts/Sortable/modular/sortable.core.esm.js,2876
clearPointerElemChangedInterval,31,./parser/test_scripts/Sortable/modular/sortable.core.esm.js,2883
drop,4,./parser/test_scripts/Sortable/modular/sortable.core.esm.js,2987
drop,4,./parser/test_scripts/Sortable/modular/sortable.core.esm.js,2987
Revert,6,./parser/test_scripts/Sortable/modular/sortable.core.esm.js,3011
dragStart,9,./parser/test_scripts/Sortable/modular/sortable.core.esm.js,3015
onSpill,7,./parser/test_scripts/Sortable/modular/sortable.core.esm.js,3019
Remove,6,./parser/test_scripts/Sortable/modular/sortable.core.esm.js,3049
onSpill,7,./parser/test_scripts/Sortable/modular/sortable.core.esm.js,3052
Swap,4,./parser/test_scripts/Sortable/modular/sortable.core.esm.js,3072
dragStart,9,./parser/test_scripts/Sortable/modular/sortable.core.esm.js,3079
dragOverValid,13,./parser/test_scripts/Sortable/modular/sortable.core.esm.js,3083
drop,4,./parser/test_scripts/Sortable/modular/sortable.core.esm.js,3113
nulling,7,./parser/test_scripts/Sortable/modular/sortable.core.esm.js,3131
eventProperties,15,./parser/test_scripts/Sortable/modular/sortable.core.esm.js,3137
SwapPlugin,10,./parser/test_scripts/Sortable/modular/sortable.core.esm.js,3071
swapNodes,9,./parser/test_scripts/Sortable/modular/sortable.core.esm.js,3145
setData,7,./parser/test_scripts/Sortable/modular/sortable.core.esm.js,3200
MultiDrag,9,./parser/test_scripts/Sortable/modular/sortable.core.esm.js,3177
delayStartGlobal,16,./parser/test_scripts/Sortable/modular/sortable.core.esm.js,3219
delayEnded,10,./parser/test_scripts/Sortable/modular/sortable.core.esm.js,3223
setupClone,10,./parser/test_scripts/Sortable/modular/sortable.core.esm.js,3226
clone,5,./parser/test_scripts/Sortable/modular/sortable.core.esm.js,3244
showClone,9,./parser/test_scripts/Sortable/modular/sortable.core.esm.js,3259
hideClone,9,./parser/test_scripts/Sortable/modular/sortable.core.esm.js,3272
dragStartGlobal,15,./parser/test_scripts/Sortable/modular/sortable.core.esm.js,3290
dragStarted,11,./parser/test_scripts/Sortable/modular/sortable.core.esm.js,3306
dragOver,8,./parser/test_scripts/Sortable/modular/sortable.core.esm.js,3352
revert,6,./parser/test_scripts/Sortable/modular/sortable.core.esm.js,3362
dragOverCompleted,17,./parser/test_scripts/Sortable/modular/sortable.core.esm.js,3383
dragOverAnimationCapture,24,./parser/test_scripts/Sortable/modular/sortable.core.esm.js,3442
dragOverAnimationComplete,25,./parser/test_scripts/Sortable/modular/sortable.core.esm.js,3457
drop,4,./parser/test_scripts/Sortable/modular/sortable.core.esm.js,3463
nullingGlobal,13,./parser/test_scripts/Sortable/modular/sortable.core.esm.js,3616
destroyGlobal,13,./parser/test_scripts/Sortable/modular/sortable.core.esm.js,3620
_deselectMultiDrag,18,./parser/test_scripts/Sortable/modular/sortable.core.esm.js,3629
_checkKeyDown,13,./parser/test_scripts/Sortable/modular/sortable.core.esm.js,3651
_checkKeyUp,11,./parser/test_scripts/Sortable/modular/sortable.core.esm.js,3656
select,6,./parser/test_scripts/Sortable/modular/sortable.core.esm.js,3670
deselect,8,./parser/test_scripts/Sortable/modular/sortable.core.esm.js,3688
eventProperties,15,./parser/test_scripts/Sortable/modular/sortable.core.esm.js,3696
multiDragKey,12,./parser/test_scripts/Sortable/modular/sortable.core.esm.js,3730
MultiDragPlugin,15,./parser/test_scripts/Sortable/modular/sortable.core.esm.js,3176
insertMultiDragElements,23,./parser/test_scripts/Sortable/modular/sortable.core.esm.js,3745
insertMultiDragClones,21,./parser/test_scripts/Sortable/modular/sortable.core.esm.js,3763
removeMultiDragElements,23,./parser/test_scripts/Sortable/modular/sortable.core.esm.js,3775
ownKeys,7,./parser/test_scripts/Sortable/modular/sortable.esm.js,7
_objectSpread2,14,./parser/test_scripts/Sortable/modular/sortable.esm.js,25
_typeof,7,./parser/test_scripts/Sortable/modular/sortable.esm.js,45
_defineProperty,15,./parser/test_scripts/Sortable/modular/sortable.esm.js,61
_extends,8,./parser/test_scripts/Sortable/modular/sortable.esm.js,76
_objectWithoutPropertiesLoose,29,./parser/test_scripts/Sortable/modular/sortable.esm.js,94
_objectWithoutProperties,24,./parser/test_scripts/Sortable/modular/sortable.esm.js,109
_toConsumableArray,18,./parser/test_scripts/Sortable/modular/sortable.esm.js,130
_arrayWithoutHoles,18,./parser/test_scripts/Sortable/modular/sortable.esm.js,134
_iterableToArray,16,./parser/test_scripts/Sortable/modular/sortable.esm.js,138
_unsupportedIterableToArray,27,./parser/test_scripts/Sortable/modular/sortable.esm.js,142
_arrayLikeToArray,17,./parser/test_scripts/Sortable/modular/sortable.esm.js,151
_nonIterableSpread,18,./parser/test_scripts/Sortable/modular/sortable.esm.js,159
userAgent,9,./parser/test_scripts/Sortable/modular/sortable.esm.js,165
on,2,./parser/test_scripts/Sortable/modular/sortable.esm.js,183
off,3,./parser/test_scripts/Sortable/modular/sortable.esm.js,187
matches,7,./parser/test_scripts/Sortable/modular/sortable.esm.js,191
getParentOrHost,15,./parser/test_scripts/Sortable/modular/sortable.esm.js,216
closest,7,./parser/test_scripts/Sortable/modular/sortable.esm.js,220
toggleClass,11,./parser/test_scripts/Sortable/modular/sortable.esm.js,245
css,3,./parser/test_scripts/Sortable/modular/sortable.esm.js,256
matrix,6,./parser/test_scripts/Sortable/modular/sortable.esm.js,278
find,4,./parser/test_scripts/Sortable/modular/sortable.esm.js,301
getWindowScrollingElement,25,./parser/test_scripts/Sortable/modular/sortable.esm.js,319
getRect,7,./parser/test_scripts/Sortable/modular/sortable.esm.js,339
isScrolledPast,14,./parser/test_scripts/Sortable/modular/sortable.esm.js,416
getChild,8,./parser/test_scripts/Sortable/modular/sortable.esm.js,448
lastChild,9,./parser/test_scripts/Sortable/modular/sortable.esm.js,475
index,5,./parser/test_scripts/Sortable/modular/sortable.esm.js,493
getRelativeScrollOffset,23,./parser/test_scripts/Sortable/modular/sortable.esm.js,518
indexOfObject,13,./parser/test_scripts/Sortable/modular/sortable.esm.js,543
getParentAutoScrollElement,26,./parser/test_scripts/Sortable/modular/sortable.esm.js,555
extend,6,./parser/test_scripts/Sortable/modular/sortable.esm.js,579
isRectEqual,11,./parser/test_scripts/Sortable/modular/sortable.esm.js,591
throttle,8,./parser/test_scripts/Sortable/modular/sortable.esm.js,597
cancelThrottle,14,./parser/test_scripts/Sortable/modular/sortable.esm.js,616
scrollBy,8,./parser/test_scripts/Sortable/modular/sortable.esm.js,621
clone,5,./parser/test_scripts/Sortable/modular/sortable.esm.js,626
setRect,7,./parser/test_scripts/Sortable/modular/sortable.esm.js,639
unsetRect,9,./parser/test_scripts/Sortable/modular/sortable.esm.js,647
captureAnimationState,21,./parser/test_scripts/Sortable/modular/sortable.esm.js,661
addAnimationState,17,./parser/test_scripts/Sortable/modular/sortable.esm.js,687
removeAnimationState,20,./parser/test_scripts/Sortable/modular/sortable.esm.js,690
animateAll,10,./parser/test_scripts/Sortable/modular/sortable.esm.js,695
animate,7,./parser/test_scripts/Sortable/modular/sortable.esm.js,771
AnimationStateManager,21,./parser/test_scripts/Sortable/modular/sortable.esm.js,657
repaint,7,./parser/test_scripts/Sortable/modular/sortable.esm.js,800
calculateRealTime,17,./parser/test_scripts/Sortable/modular/sortable.esm.js,804
mount,5,./parser/test_scripts/Sortable/modular/sortable.esm.js,813
cancel,6,./parser/test_scripts/Sortable/modular/sortable.esm.js,833
pluginEvent,11,./parser/test_scripts/Sortable/modular/sortable.esm.js,828
initializePlugins,17,./parser/test_scripts/Sortable/modular/sortable.esm.js,856
getEventProperties,18,./parser/test_scripts/Sortable/modular/sortable.esm.js,877
modifyOption,12,./parser/test_scripts/Sortable/modular/sortable.esm.js,886
dispatchEvent,13,./parser/test_scripts/Sortable/modular/sortable.esm.js,900
cloneNowHidden,14,./parser/test_scripts/Sortable/modular/sortable.esm.js,983
cloneNowShown,13,./parser/test_scripts/Sortable/modular/sortable.esm.js,986
dispatchSortableEvent,21,./parser/test_scripts/Sortable/modular/sortable.esm.js,989
pluginEvent,11,./parser/test_scripts/Sortable/modular/sortable.esm.js,959
pluginEvent,11,./parser/test_scripts/Sortable/modular/sortable.esm.js,959
_dispatchEvent,14,./parser/test_scripts/Sortable/modular/sortable.esm.js,999
_detectDirection,16,./parser/test_scripts/Sortable/modular/sortable.esm.js,1065
_detectDirection,16,./parser/test_scripts/Sortable/modular/sortable.esm.js,1065
_dragElInRowColumn,18,./parser/test_scripts/Sortable/modular/sortable.esm.js,1090
_dragElInRowColumn,18,./parser/test_scripts/Sortable/modular/sortable.esm.js,1090
_detectNearestEmptySortable,27,./parser/test_scripts/Sortable/modular/sortable.esm.js,1106
_detectNearestEmptySortable,27,./parser/test_scripts/Sortable/modular/sortable.esm.js,1106
toFn,4,./parser/test_scripts/Sortable/modular/sortable.esm.js,1122
_prepareGroup,13,./parser/test_scripts/Sortable/modular/sortable.esm.js,1121
_prepareGroup,13,./parser/test_scripts/Sortable/modular/sortable.esm.js,1121
_hideGhostForTarget,19,./parser/test_scripts/Sortable/modular/sortable.esm.js,1158
_hideGhostForTarget,19,./parser/test_scripts/Sortable/modular/sortable.esm.js,1158
_unhideGhostForTarget,21,./parser/test_scripts/Sortable/modular/sortable.esm.js,1163
_unhideGhostForTarget,21,./parser/test_scripts/Sortable/modular/sortable.esm.js,1163
nearestEmptyInsertDetectEvent,29,./parser/test_scripts/Sortable/modular/sortable.esm.js,1182
nearestEmptyInsertDetectEvent,29,./parser/test_scripts/Sortable/modular/sortable.esm.js,1182
_checkOutsideTargetEl,21,./parser/test_scripts/Sortable/modular/sortable.esm.js,1207
_checkOutsideTargetEl,21,./parser/test_scripts/Sortable/modular/sortable.esm.js,1207
direction,9,./parser/test_scripts/Sortable/modular/sortable.esm.js,1243
setData,7,./parser/test_scripts/Sortable/modular/sortable.esm.js,1254
Sortable,8,./parser/test_scripts/Sortable/modular/sortable.esm.js,1219
_isOutsideThisEl,16,./parser/test_scripts/Sortable/modular/sortable.esm.js,1321
_getDirection,13,./parser/test_scripts/Sortable/modular/sortable.esm.js,1326
_onTapStart,11,./parser/test_scripts/Sortable/modular/sortable.esm.js,1329
dragStartFn,11,./parser/test_scripts/Sortable/modular/sortable.esm.js,1464
_prepareDragStart,17,./parser/test_scripts/Sortable/modular/sortable.esm.js,1431
_delayedDragTouchMoveHandler,28,./parser/test_scripts/Sortable/modular/sortable.esm.js,1539
_disableDelayedDrag,19,./parser/test_scripts/Sortable/modular/sortable.esm.js,1548
_disableDelayedDragEvents,25,./parser/test_scripts/Sortable/modular/sortable.esm.js,1554
_triggerDragStart,17,./parser/test_scripts/Sortable/modular/sortable.esm.js,1563
_dragStarted,12,./parser/test_scripts/Sortable/modular/sortable.esm.js,1594
_emulateDragOver,16,./parser/test_scripts/Sortable/modular/sortable.esm.js,1623
_onTouchMove,12,./parser/test_scripts/Sortable/modular/sortable.esm.js,1666
_appendGhost,12,./parser/test_scripts/Sortable/modular/sortable.esm.js,1717
_onDragStart,12,./parser/test_scripts/Sortable/modular/sortable.esm.js,1766
onMove,6,./parser/test_scripts/Sortable/modular/sortable.esm.js,1878
dragOverEvent,13,./parser/test_scripts/Sortable/modular/sortable.esm.js,1866
capture,7,./parser/test_scripts/Sortable/modular/sortable.esm.js,1886
completed,9,./parser/test_scripts/Sortable/modular/sortable.esm.js,1897
changed,7,./parser/test_scripts/Sortable/modular/sortable.esm.js,1956
_onDragOver,11,./parser/test_scripts/Sortable/modular/sortable.esm.js,1846
_offMoveEvents,14,./parser/test_scripts/Sortable/modular/sortable.esm.js,2145
_offUpEvents,12,./parser/test_scripts/Sortable/modular/sortable.esm.js,2153
_onDrop,7,./parser/test_scripts/Sortable/modular/sortable.esm.js,2161
_nulling,8,./parser/test_scripts/Sortable/modular/sortable.esm.js,2327
handleEvent,11,./parser/test_scripts/Sortable/modular/sortable.esm.js,2335
toArray,7,./parser/test_scripts/Sortable/modular/sortable.esm.js,2365
sort,4,./parser/test_scripts/Sortable/modular/sortable.esm.js,2388
save,4,./parser/test_scripts/Sortable/modular/sortable.esm.js,2411
closest$1,9,./parser/test_scripts/Sortable/modular/sortable.esm.js,2422
option,6,./parser/test_scripts/Sortable/modular/sortable.esm.js,2432
destroy,7,./parser/test_scripts/Sortable/modular/sortable.esm.js,2455
_hideClone,10,./parser/test_scripts/Sortable/modular/sortable.esm.js,2480
_showClone,10,./parser/test_scripts/Sortable/modular/sortable.esm.js,2493
_globalDragOver,15,./parser/test_scripts/Sortable/modular/sortable.esm.js,2522
_onMove,7,./parser/test_scripts/Sortable/modular/sortable.esm.js,2532
_disableDraggable,17,./parser/test_scripts/Sortable/modular/sortable.esm.js,2565
_unsilent,9,./parser/test_scripts/Sortable/modular/sortable.esm.js,2569
_ghostIsFirst,13,./parser/test_scripts/Sortable/modular/sortable.esm.js,2573
_ghostIsLast,12,./parser/test_scripts/Sortable/modular/sortable.esm.js,2579
_getSwapDirection,17,./parser/test_scripts/Sortable/modular/sortable.esm.js,2585
_getInsertDirection,19,./parser/test_scripts/Sortable/modular/sortable.esm.js,2638
_generateId,11,./parser/test_scripts/Sortable/modular/sortable.esm.js,2653
_saveInputCheckedState,22,./parser/test_scripts/Sortable/modular/sortable.esm.js,2665
_nextTick,9,./parser/test_scripts/Sortable/modular/sortable.esm.js,2676
_cancelNextTick,15,./parser/test_scripts/Sortable/modular/sortable.esm.js,2680
is,2,./parser/test_scripts/Sortable/modular/sortable.esm.js,2699
get,3,./parser/test_scripts/Sortable/modular/sortable.esm.js,2719
mount,5,./parser/test_scripts/Sortable/modular/sortable.esm.js,2728
create,6,./parser/test_scripts/Sortable/modular/sortable.esm.js,2750
AutoScroll,10,./parser/test_scripts/Sortable/modular/sortable.esm.js,2767
dragStarted,11,./parser/test_scripts/Sortable/modular/sortable.esm.js,2784
dragOverCompleted,17,./parser/test_scripts/Sortable/modular/sortable.esm.js,2799
drop,4,./parser/test_scripts/Sortable/modular/sortable.esm.js,2807
nulling,7,./parser/test_scripts/Sortable/modular/sortable.esm.js,2820
_handleFallbackAutoScroll,25,./parser/test_scripts/Sortable/modular/sortable.esm.js,2824
_handleAutoScroll,17,./parser/test_scripts/Sortable/modular/sortable.esm.js,2827
AutoScrollPlugin,16,./parser/test_scripts/Sortable/modular/sortable.esm.js,2766
clearAutoScrolls,16,./parser/test_scripts/Sortable/modular/sortable.esm.js,2876
clearPointerElemChangedInterval,31,./parser/test_scripts/Sortable/modular/sortable.esm.js,2883
drop,4,./parser/test_scripts/Sortable/modular/sortable.esm.js,2987
drop,4,./parser/test_scripts/Sortable/modular/sortable.esm.js,2987
Revert,6,./parser/test_scripts/Sortable/modular/sortable.esm.js,3011
dragStart,9,./parser/test_scripts/Sortable/modular/sortable.esm.js,3015
onSpill,7,./parser/test_scripts/Sortable/modular/sortable.esm.js,3019
Remove,6,./parser/test_scripts/Sortable/modular/sortable.esm.js,3049
onSpill,7,./parser/test_scripts/Sortable/modular/sortable.esm.js,3052
Swap,4,./parser/test_scripts/Sortable/modular/sortable.esm.js,3070
dragStart,9,./parser/test_scripts/Sortable/modular/sortable.esm.js,3077
dragOverValid,13,./parser/test_scripts/Sortable/modular/sortable.esm.js,3081
drop,4,./parser/test_scripts/Sortable/modular/sortable.esm.js,3111
nulling,7,./parser/test_scripts/Sortable/modular/sortable.esm.js,3129
eventProperties,15,./parser/test_scripts/Sortable/modular/sortable.esm.js,3135
SwapPlugin,10,./parser/test_scripts/Sortable/modular/sortable.esm.js,3069
swapNodes,9,./parser/test_scripts/Sortable/modular/sortable.esm.js,3143
setData,7,./parser/test_scripts/Sortable/modular/sortable.esm.js,3198
MultiDrag,9,./parser/test_scripts/Sortable/modular/sortable.esm.js,3175
delayStartGlobal,16,./parser/test_scripts/Sortable/modular/sortable.esm.js,3217
delayEnded,10,./parser/test_scripts/Sortable/modular/sortable.esm.js,3221
setupClone,10,./parser/test_scripts/Sortable/modular/sortable.esm.js,3224
clone,5,./parser/test_scripts/Sortable/modular/sortable.esm.js,3242
showClone,9,./parser/test_scripts/Sortable/modular/sortable.esm.js,3257
hideClone,9,./parser/test_scripts/Sortable/modular/sortable.esm.js,3270
dragStartGlobal,15,./parser/test_scripts/Sortable/modular/sortable.esm.js,3288
dragStarted,11,./parser/test_scripts/Sortable/modular/sortable.esm.js,3304
dragOver,8,./parser/test_scripts/Sortable/modular/sortable.esm.js,3350
revert,6,./parser/test_scripts/Sortable/modular/sortable.esm.js,3360
dragOverCompleted,17,./parser/test_scripts/Sortable/modular/sortable.esm.js,3381
dragOverAnimationCapture,24,./parser/test_scripts/Sortable/modular/sortable.esm.js,3440
dragOverAnimationComplete,25,./parser/test_scripts/Sortable/modular/sortable.esm.js,3455
drop,4,./parser/test_scripts/Sortable/modular/sortable.esm.js,3461
nullingGlobal,13,./parser/test_scripts/Sortable/modular/sortable.esm.js,3614
destroyGlobal,13,./parser/test_scripts/Sortable/modular/sortable.esm.js,3618
_deselectMultiDrag,18,./parser/test_scripts/Sortable/modular/sortable.esm.js,3627
_checkKeyDown,13,./parser/test_scripts/Sortable/modular/sortable.esm.js,3649
_checkKeyUp,11,./parser/test_scripts/Sortable/modular/sortable.esm.js,3654
select,6,./parser/test_scripts/Sortable/modular/sortable.esm.js,3668
deselect,8,./parser/test_scripts/Sortable/modular/sortable.esm.js,3686
eventProperties,15,./parser/test_scripts/Sortable/modular/sortable.esm.js,3694
multiDragKey,12,./parser/test_scripts/Sortable/modular/sortable.esm.js,3728
MultiDragPlugin,15,./parser/test_scripts/Sortable/modular/sortable.esm.js,3174
insertMultiDragElements,23,./parser/test_scripts/Sortable/modular/sortable.esm.js,3743
insertMultiDragClones,21,./parser/test_scripts/Sortable/modular/sortable.esm.js,3761
removeMultiDragElements,23,./parser/test_scripts/Sortable/modular/sortable.esm.js,3773
AutoScroll,10,./parser/test_scripts/Sortable/plugins/AutoScroll/AutoScroll.js,29
AutoScrollPlugin,16,./parser/test_scripts/Sortable/plugins/AutoScroll/AutoScroll.js,27
clearAutoScrolls,16,./parser/test_scripts/Sortable/plugins/AutoScroll/AutoScroll.js,153
clearPointerElemChangedInterval,31,./parser/test_scripts/Sortable/plugins/AutoScroll/AutoScroll.js,160
MultiDrag,9,./parser/test_scripts/Sortable/plugins/MultiDrag/MultiDrag.js,30
MultiDragPlugin,15,./parser/test_scripts/Sortable/plugins/MultiDrag/MultiDrag.js,29
insertMultiDragElements,23,./parser/test_scripts/Sortable/plugins/MultiDrag/MultiDrag.js,588
insertMultiDragClones,21,./parser/test_scripts/Sortable/plugins/MultiDrag/MultiDrag.js,604
removeMultiDragElements,23,./parser/test_scripts/Sortable/plugins/MultiDrag/MultiDrag.js,615
drop,4,./parser/test_scripts/Sortable/plugins/OnSpill/OnSpill.js,4
Revert,6,./parser/test_scripts/Sortable/plugins/OnSpill/OnSpill.js,25
Remove,6,./parser/test_scripts/Sortable/plugins/OnSpill/OnSpill.js,57
Swap,4,./parser/test_scripts/Sortable/plugins/Swap/Swap.js,10
SwapPlugin,10,./parser/test_scripts/Sortable/plugins/Swap/Swap.js,9
swapNodes,9,./parser/test_scripts/Sortable/plugins/Swap/Swap.js,73
ownKeys,7,./parser/test_scripts/Sortable/Sortable.js,13
_objectSpread2,14,./parser/test_scripts/Sortable/Sortable.js,31
_typeof,7,./parser/test_scripts/Sortable/Sortable.js,51
_defineProperty,15,./parser/test_scripts/Sortable/Sortable.js,67
_extends,8,./parser/test_scripts/Sortable/Sortable.js,82
_objectWithoutPropertiesLoose,29,./parser/test_scripts/Sortable/Sortable.js,100
_objectWithoutProperties,24,./parser/test_scripts/Sortable/Sortable.js,115
_toConsumableArray,18,./parser/test_scripts/Sortable/Sortable.js,136
_arrayWithoutHoles,18,./parser/test_scripts/Sortable/Sortable.js,140
_iterableToArray,16,./parser/test_scripts/Sortable/Sortable.js,144
_unsupportedIterableToArray,27,./parser/test_scripts/Sortable/Sortable.js,148
_arrayLikeToArray,17,./parser/test_scripts/Sortable/Sortable.js,157
_nonIterableSpread,18,./parser/test_scripts/Sortable/Sortable.js,165
userAgent,9,./parser/test_scripts/Sortable/Sortable.js,171
on,2,./parser/test_scripts/Sortable/Sortable.js,189
off,3,./parser/test_scripts/Sortable/Sortable.js,193
matches,7,./parser/test_scripts/Sortable/Sortable.js,197
getParentOrHost,15,./parser/test_scripts/Sortable/Sortable.js,222
closest,7,./parser/test_scripts/Sortable/Sortable.js,226
toggleClass,11,./parser/test_scripts/Sortable/Sortable.js,251
css,3,./parser/test_scripts/Sortable/Sortable.js,262
matrix,6,./parser/test_scripts/Sortable/Sortable.js,284
find,4,./parser/test_scripts/Sortable/Sortable.js,307
getWindowScrollingElement,25,./parser/test_scripts/Sortable/Sortable.js,325
getRect,7,./parser/test_scripts/Sortable/Sortable.js,345
isScrolledPast,14,./parser/test_scripts/Sortable/Sortable.js,422
getChild,8,./parser/test_scripts/Sortable/Sortable.js,454
lastChild,9,./parser/test_scripts/Sortable/Sortable.js,481
index,5,./parser/test_scripts/Sortable/Sortable.js,499
getRelativeScrollOffset,23,./parser/test_scripts/Sortable/Sortable.js,524
indexOfObject,13,./parser/test_scripts/Sortable/Sortable.js,549
getParentAutoScrollElement,26,./parser/test_scripts/Sortable/Sortable.js,561
extend,6,./parser/test_scripts/Sortable/Sortable.js,585
isRectEqual,11,./parser/test_scripts/Sortable/Sortable.js,597
throttle,8,./parser/test_scripts/Sortable/Sortable.js,603
cancelThrottle,14,./parser/test_scripts/Sortable/Sortable.js,622
scrollBy,8,./parser/test_scripts/Sortable/Sortable.js,627
clone,5,./parser/test_scripts/Sortable/Sortable.js,632
setRect,7,./parser/test_scripts/Sortable/Sortable.js,645
unsetRect,9,./parser/test_scripts/Sortable/Sortable.js,653
captureAnimationState,21,./parser/test_scripts/Sortable/Sortable.js,667
addAnimationState,17,./parser/test_scripts/Sortable/Sortable.js,693
removeAnimationState,20,./parser/test_scripts/Sortable/Sortable.js,696
animateAll,10,./parser/test_scripts/Sortable/Sortable.js,701
animate,7,./parser/test_scripts/Sortable/Sortable.js,777
AnimationStateManager,21,./parser/test_scripts/Sortable/Sortable.js,663
repaint,7,./parser/test_scripts/Sortable/Sortable.js,806
calculateRealTime,17,./parser/test_scripts/Sortable/Sortable.js,810
mount,5,./parser/test_scripts/Sortable/Sortable.js,819
cancel,6,./parser/test_scripts/Sortable/Sortable.js,839
pluginEvent,11,./parser/test_scripts/Sortable/Sortable.js,834
initializePlugins,17,./parser/test_scripts/Sortable/Sortable.js,862
getEventProperties,18,./parser/test_scripts/Sortable/Sortable.js,883
modifyOption,12,./parser/test_scripts/Sortable/Sortable.js,892
dispatchEvent,13,./parser/test_scripts/Sortable/Sortable.js,906
cloneNowHidden,14,./parser/test_scripts/Sortable/Sortable.js,989
cloneNowShown,13,./parser/test_scripts/Sortable/Sortable.js,992
dispatchSortableEvent,21,./parser/test_scripts/Sortable/Sortable.js,995
pluginEvent,11,./parser/test_scripts/Sortable/Sortable.js,965
pluginEvent,11,./parser/test_scripts/Sortable/Sortable.js,965
_dispatchEvent,14,./parser/test_scripts/Sortable/Sortable.js,1005
_detectDirection,16,./parser/test_scripts/Sortable/Sortable.js,1071
_detectDirection,16,./parser/test_scripts/Sortable/Sortable.js,1071
_dragElInRowColumn,18,./parser/test_scripts/Sortable/Sortable.js,1096
_dragElInRowColumn,18,./parser/test_scripts/Sortable/Sortable.js,1096
_detectNearestEmptySortable,27,./parser/test_scripts/Sortable/Sortable.js,1112
_detectNearestEmptySortable,27,./parser/test_scripts/Sortable/Sortable.js,1112
toFn,4,./parser/test_scripts/Sortable/Sortable.js,1128
_prepareGroup,13,./parser/test_scripts/Sortable/Sortable.js,1127
_prepareGroup,13,./parser/test_scripts/Sortable/Sortable.js,1127
_hideGhostForTarget,19,./parser/test_scripts/Sortable/Sortable.js,1164
_hideGhostForTarget,19,./parser/test_scripts/Sortable/Sortable.js,1164
_unhideGhostForTarget,21,./parser/test_scripts/Sortable/Sortable.js,1169
_unhideGhostForTarget,21,./parser/test_scripts/Sortable/Sortable.js,1169
nearestEmptyInsertDetectEvent,29,./parser/test_scripts/Sortable/Sortable.js,1188
nearestEmptyInsertDetectEvent,29,./parser/test_scripts/Sortable/Sortable.js,1188
_checkOutsideTargetEl,21,./parser/test_scripts/Sortable/Sortable.js,1213
_checkOutsideTargetEl,21,./parser/test_scripts/Sortable/Sortable.js,1213
direction,9,./parser/test_scripts/Sortable/Sortable.js,1249
setData,7,./parser/test_scripts/Sortable/Sortable.js,1260
Sortable,8,./parser/test_scripts/Sortable/Sortable.js,1225
_isOutsideThisEl,16,./parser/test_scripts/Sortable/Sortable.js,1327
_getDirection,13,./parser/test_scripts/Sortable/Sortable.js,1332
_onTapStart,11,./parser/test_scripts/Sortable/Sortable.js,1335
dragStartFn,11,./parser/test_scripts/Sortable/Sortable.js,1470
_prepareDragStart,17,./parser/test_scripts/Sortable/Sortable.js,1437
_delayedDragTouchMoveHandler,28,./parser/test_scripts/Sortable/Sortable.js,1545
_disableDelayedDrag,19,./parser/test_scripts/Sortable/Sortable.js,1554
_disableDelayedDragEvents,25,./parser/test_scripts/Sortable/Sortable.js,1560
_triggerDragStart,17,./parser/test_scripts/Sortable/Sortable.js,1569
_dragStarted,12,./parser/test_scripts/Sortable/Sortable.js,1600
_emulateDragOver,16,./parser/test_scripts/Sortable/Sortable.js,1629
_onTouchMove,12,./parser/test_scripts/Sortable/Sortable.js,1672
_appendGhost,12,./parser/test_scripts/Sortable/Sortable.js,1723
_onDragStart,12,./parser/test_scripts/Sortable/Sortable.js,1772
onMove,6,./parser/test_scripts/Sortable/Sortable.js,1884
dragOverEvent,13,./parser/test_scripts/Sortable/Sortable.js,1872
capture,7,./parser/test_scripts/Sortable/Sortable.js,1892
completed,9,./parser/test_scripts/Sortable/Sortable.js,1903
changed,7,./parser/test_scripts/Sortable/Sortable.js,1962
_onDragOver,11,./parser/test_scripts/Sortable/Sortable.js,1852
_offMoveEvents,14,./parser/test_scripts/Sortable/Sortable.js,2151
_offUpEvents,12,./parser/test_scripts/Sortable/Sortable.js,2159
_onDrop,7,./parser/test_scripts/Sortable/Sortable.js,2167
_nulling,8,./parser/test_scripts/Sortable/Sortable.js,2333
handleEvent,11,./parser/test_scripts/Sortable/Sortable.js,2341
toArray,7,./parser/test_scripts/Sortable/Sortable.js,2371
sort,4,./parser/test_scripts/Sortable/Sortable.js,2394
save,4,./parser/test_scripts/Sortable/Sortable.js,2417
closest$1,9,./parser/test_scripts/Sortable/Sortable.js,2428
option,6,./parser/test_scripts/Sortable/Sortable.js,2438
destroy,7,./parser/test_scripts/Sortable/Sortable.js,2461
_hideClone,10,./parser/test_scripts/Sortable/Sortable.js,2488
_showClone,10,./parser/test_scripts/Sortable/Sortable.js,2501
_globalDragOver,15,./parser/test_scripts/Sortable/Sortable.js,2530
_onMove,7,./parser/test_scripts/Sortable/Sortable.js,2540
_disableDraggable,17,./parser/test_scripts/Sortable/Sortable.js,2573
_unsilent,9,./parser/test_scripts/Sortable/Sortable.js,2577
_ghostIsFirst,13,./parser/test_scripts/Sortable/Sortable.js,2581
_ghostIsLast,12,./parser/test_scripts/Sortable/Sortable.js,2587
_getSwapDirection,17,./parser/test_scripts/Sortable/Sortable.js,2593
_getInsertDirection,19,./parser/test_scripts/Sortable/Sortable.js,2646
_generateId,11,./parser/test_scripts/Sortable/Sortable.js,2661
_saveInputCheckedState,22,./parser/test_scripts/Sortable/Sortable.js,2673
_nextTick,9,./parser/test_scripts/Sortable/Sortable.js,2684
_cancelNextTick,15,./parser/test_scripts/Sortable/Sortable.js,2688
is,2,./parser/test_scripts/Sortable/Sortable.js,2707
get,3,./parser/test_scripts/Sortable/Sortable.js,2727
mount,5,./parser/test_scripts/Sortable/Sortable.js,2736
create,6,./parser/test_scripts/Sortable/Sortable.js,2758
AutoScroll,10,./parser/test_scripts/Sortable/Sortable.js,2775
dragStarted,11,./parser/test_scripts/Sortable/Sortable.js,2792
dragOverCompleted,17,./parser/test_scripts/Sortable/Sortable.js,2807
drop,4,./parser/test_scripts/Sortable/Sortable.js,2815
nulling,7,./parser/test_scripts/Sortable/Sortable.js,2828
_handleFallbackAutoScroll,25,./parser/test_scripts/Sortable/Sortable.js,2832
_handleAutoScroll,17,./parser/test_scripts/Sortable/Sortable.js,2835
AutoScrollPlugin,16,./parser/test_scripts/Sortable/Sortable.js,2774
clearAutoScrolls,16,./parser/test_scripts/Sortable/Sortable.js,2884
clearPointerElemChangedInterval,31,./parser/test_scripts/Sortable/Sortable.js,2891
drop,4,./parser/test_scripts/Sortable/Sortable.js,2995
drop,4,./parser/test_scripts/Sortable/Sortable.js,2995
Revert,6,./parser/test_scripts/Sortable/Sortable.js,3019
dragStart,9,./parser/test_scripts/Sortable/Sortable.js,3023
onSpill,7,./parser/test_scripts/Sortable/Sortable.js,3027
Remove,6,./parser/test_scripts/Sortable/Sortable.js,3057
onSpill,7,./parser/test_scripts/Sortable/Sortable.js,3060
Swap,4,./parser/test_scripts/Sortable/Sortable.js,3078
dragStart,9,./parser/test_scripts/Sortable/Sortable.js,3085
dragOverValid,13,./parser/test_scripts/Sortable/Sortable.js,3089
drop,4,./parser/test_scripts/Sortable/Sortable.js,3119
nulling,7,./parser/test_scripts/Sortable/Sortable.js,3137
eventProperties,15,./parser/test_scripts/Sortable/Sortable.js,3143
SwapPlugin,10,./parser/test_scripts/Sortable/Sortable.js,3077
swapNodes,9,./parser/test_scripts/Sortable/Sortable.js,3151
setData,7,./parser/test_scripts/Sortable/Sortable.js,3206
MultiDrag,9,./parser/test_scripts/Sortable/Sortable.js,3183
delayStartGlobal,16,./parser/test_scripts/Sortable/Sortable.js,3225
delayEnded,10,./parser/test_scripts/Sortable/Sortable.js,3229
setupClone,10,./parser/test_scripts/Sortable/Sortable.js,3232
clone,5,./parser/test_scripts/Sortable/Sortable.js,3250
showClone,9,./parser/test_scripts/Sortable/Sortable.js,3265
hideClone,9,./parser/test_scripts/Sortable/Sortable.js,3278
dragStartGlobal,15,./parser/test_scripts/Sortable/Sortable.js,3296
dragStarted,11,./parser/test_scripts/Sortable/Sortable.js,3312
dragOver,8,./parser/test_scripts/Sortable/Sortable.js,3358
revert,6,./parser/test_scripts/Sortable/Sortable.js,3368
dragOverCompleted,17,./parser/test_scripts/Sortable/Sortable.js,3389
dragOverAnimationCapture,24,./parser/test_scripts/Sortable/Sortable.js,3448
dragOverAnimationComplete,25,./parser/test_scripts/Sortable/Sortable.js,3463
drop,4,./parser/test_scripts/Sortable/Sortable.js,3469
nullingGlobal,13,./parser/test_scripts/Sortable/Sortable.js,3622
destroyGlobal,13,./parser/test_scripts/Sortable/Sortable.js,3626
_deselectMultiDrag,18,./parser/test_scripts/Sortable/Sortable.js,3635
_checkKeyDown,13,./parser/test_scripts/Sortable/Sortable.js,3657
_checkKeyUp,11,./parser/test_scripts/Sortable/Sortable.js,3662
select,6,./parser/test_scripts/Sortable/Sortable.js,3676
deselect,8,./parser/test_scripts/Sortable/Sortable.js,3694
eventProperties,15,./parser/test_scripts/Sortable/Sortable.js,3702
multiDragKey,12,./parser/test_scripts/Sortable/Sortable.js,3736
MultiDragPlugin,15,./parser/test_scripts/Sortable/Sortable.js,3182
insertMultiDragElements,23,./parser/test_scripts/Sortable/Sortable.js,3751
insertMultiDragClones,21,./parser/test_scripts/Sortable/Sortable.js,3769
removeMultiDragElements,23,./parser/test_scripts/Sortable/Sortable.js,3781
e,1,./parser/test_scripts/Sortable/Sortable.min.js,2
M,1,./parser/test_scripts/Sortable/Sortable.min.js,2
o,1,./parser/test_scripts/Sortable/Sortable.min.js,2
a,1,./parser/test_scripts/Sortable/Sortable.min.js,2
i,1,./parser/test_scripts/Sortable/Sortable.min.js,2
r,1,./parser/test_scripts/Sortable/Sortable.min.js,2
l,1,./parser/test_scripts/Sortable/Sortable.min.js,2
t,1,./parser/test_scripts/Sortable/Sortable.min.js,2
h,1,./parser/test_scripts/Sortable/Sortable.min.js,2
f,1,./parser/test_scripts/Sortable/Sortable.min.js,2
p,1,./parser/test_scripts/Sortable/Sortable.min.js,2
N,1,./parser/test_scripts/Sortable/Sortable.min.js,2
I,1,./parser/test_scripts/Sortable/Sortable.min.js,2
P,1,./parser/test_scripts/Sortable/Sortable.min.js,2
v,1,./parser/test_scripts/Sortable/Sortable.min.js,2
b,1,./parser/test_scripts/Sortable/Sortable.min.js,2
O,1,./parser/test_scripts/Sortable/Sortable.min.js,2
k,1,./parser/test_scripts/Sortable/Sortable.min.js,2
R,1,./parser/test_scripts/Sortable/Sortable.min.js,2
X,1,./parser/test_scripts/Sortable/Sortable.min.js,2
Y,1,./parser/test_scripts/Sortable/Sortable.min.js,2
B,1,./parser/test_scripts/Sortable/Sortable.min.js,2
E,1,./parser/test_scripts/Sortable/Sortable.min.js,2
A,1,./parser/test_scripts/Sortable/Sortable.min.js,2
D,1,./parser/test_scripts/Sortable/Sortable.min.js,2
S,1,./parser/test_scripts/Sortable/Sortable.min.js,2
F,1,./parser/test_scripts/Sortable/Sortable.min.js,2
_,1,./parser/test_scripts/Sortable/Sortable.min.js,2
C,1,./parser/test_scripts/Sortable/Sortable.min.js,2
T,1,./parser/test_scripts/Sortable/Sortable.min.js,2
x,1,./parser/test_scripts/Sortable/Sortable.min.js,2
cancel,6,./parser/test_scripts/Sortable/Sortable.min.js,2
W,1,./parser/test_scripts/Sortable/Sortable.min.js,2
z,1,./parser/test_scripts/Sortable/Sortable.min.js,2
U,1,./parser/test_scripts/Sortable/Sortable.min.js,2
It,2,./parser/test_scripts/Sortable/Sortable.min.js,2
l,1,./parser/test_scripts/Sortable/Sortable.min.js,2
Pt,2,./parser/test_scripts/Sortable/Sortable.min.js,2
kt,2,./parser/test_scripts/Sortable/Sortable.min.js,2
Rt,2,./parser/test_scripts/Sortable/Sortable.min.js,2
Xt,2,./parser/test_scripts/Sortable/Sortable.min.js,2
Yt,2,./parser/test_scripts/Sortable/Sortable.min.js,2
Bt,2,./parser/test_scripts/Sortable/Sortable.min.js,2
Ft,2,./parser/test_scripts/Sortable/Sortable.min.js,2
jt,2,./parser/test_scripts/Sortable/Sortable.min.js,2
Ht,2,./parser/test_scripts/Sortable/Sortable.min.js,2
Lt,2,./parser/test_scripts/Sortable/Sortable.min.js,2
Kt,2,./parser/test_scripts/Sortable/Sortable.min.js,2
T,1,./parser/test_scripts/Sortable/Sortable.min.js,2
x,1,./parser/test_scripts/Sortable/Sortable.min.js,2
O,1,./parser/test_scripts/Sortable/Sortable.min.js,2
A,1,./parser/test_scripts/Sortable/Sortable.min.js,2
get,3,./parser/test_scripts/Sortable/Sortable.min.js,2
mount,5,./parser/test_scripts/Sortable/Sortable.min.js,2
create,6,./parser/test_scripts/Sortable/Sortable.min.js,2
Qt,2,./parser/test_scripts/Sortable/Sortable.min.js,2
Jt,2,./parser/test_scripts/Sortable/Sortable.min.js,2
c,1,./parser/test_scripts/Sortable/Sortable.min.js,2
ne,2,./parser/test_scripts/Sortable/Sortable.min.js,2
oe,2,./parser/test_scripts/Sortable/Sortable.min.js,2
pe,2,./parser/test_scripts/Sortable/Sortable.min.js,2
ge,2,./parser/test_scripts/Sortable/Sortable.min.js,2
t,1,./parser/test_scripts/Sortable/Sortable.min.js,2
t,1,./parser/test_scripts/Sortable/Sortable.min.js,2
t,1,./parser/test_scripts/Sortable/Sortable.min.js,2
userAgent,9,./parser/test_scripts/Sortable/src/BrowserInfo.js,1
on,2,./parser/test_scripts/Sortable/src/utils.js,9
off,3,./parser/test_scripts/Sortable/src/utils.js,14
matches,7,./parser/test_scripts/Sortable/src/utils.js,18
getParentOrHost,15,./parser/test_scripts/Sortable/src/utils.js,40
closest,7,./parser/test_scripts/Sortable/src/utils.js,46
toggleClass,11,./parser/test_scripts/Sortable/src/utils.js,73
css,3,./parser/test_scripts/Sortable/src/utils.js,86
matrix,6,./parser/test_scripts/Sortable/src/utils.js,110
find,4,./parser/test_scripts/Sortable/src/utils.js,131
getWindowScrollingElement,25,./parser/test_scripts/Sortable/src/utils.js,149
getRect,7,./parser/test_scripts/Sortable/src/utils.js,169
isScrolledPast,14,./parser/test_scripts/Sortable/src/utils.js,264
getChild,8,./parser/test_scripts/Sortable/src/utils.js,299
lastChild,9,./parser/test_scripts/Sortable/src/utils.js,328
index,5,./parser/test_scripts/Sortable/src/utils.js,353
getRelativeScrollOffset,23,./parser/test_scripts/Sortable/src/utils.js,376
indexOfObject,13,./parser/test_scripts/Sortable/src/utils.js,401
getParentAutoScrollElement,26,./parser/test_scripts/Sortable/src/utils.js,412
extend,6,./parser/test_scripts/Sortable/src/utils.js,438
isRectEqual,11,./parser/test_scripts/Sortable/src/utils.js,451
throttle,8,./parser/test_scripts/Sortable/src/utils.js,460
cancelThrottle,14,./parser/test_scripts/Sortable/src/utils.js,480
scrollBy,8,./parser/test_scripts/Sortable/src/utils.js,486
clone,5,./parser/test_scripts/Sortable/src/utils.js,492
setRect,7,./parser/test_scripts/Sortable/src/utils.js,508
unsetRect,9,./parser/test_scripts/Sortable/src/utils.js,516
renderThresholdWidth,20,./parser/test_scripts/Sortable/st/app.js,103
renderDirection,15,./parser/test_scripts/Sortable/st/app.js,145
d,1,./parser/test_scripts/Sortable/st/prettify/prettify.js,18
f,1,./parser/test_scripts/Sortable/st/prettify/prettify.js,18
c,1,./parser/test_scripts/Sortable/st/prettify/prettify.js,18
m,1,./parser/test_scripts/Sortable/st/prettify/prettify.js,20
T,1,./parser/test_scripts/Sortable/st/prettify/prettify.js,18
f,1,./parser/test_scripts/Sortable/st/prettify/prettify.js,22
U,1,./parser/test_scripts/Sortable/st/prettify/prettify.js,22
J,1,./parser/test_scripts/Sortable/st/prettify/prettify.js,23
V,1,./parser/test_scripts/Sortable/st/prettify/prettify.js,23
f,1,./parser/test_scripts/Sortable/st/prettify/prettify.js,23
G,1,./parser/test_scripts/Sortable/st/prettify/prettify.js,23
x,1,./parser/test_scripts/Sortable/st/prettify/prettify.js,25
c,1,./parser/test_scripts/Sortable/st/prettify/prettify.js,29
c,1,./parser/test_scripts/Sortable/st/prettify/prettify.js,30
m,1,./parser/test_scripts/Sortable/st/prettify/prettify.js,30
L,1,./parser/test_scripts/Sortable/st/prettify/prettify.js,29
t,1,./parser/test_scripts/Sortable/st/prettify/prettify.js,31
K,1,./parser/test_scripts/Sortable/st/prettify/prettify.js,31
M,1,./parser/test_scripts/Sortable/st/prettify/prettify.js,32
prettyPrintOne,14,./parser/test_scripts/Sortable/st/prettify/prettify.js,42
f,1,./parser/test_scripts/Sortable/st/prettify/prettify.js,43
prettyPrint,11,./parser/test_scripts/Sortable/st/prettify/prettify.js,43
r,1,./parser/test_scripts/Sortable/st/prettify/run_prettify.js,31
x,1,./parser/test_scripts/Sortable/st/prettify/run_prettify.js,31
aa,2,./parser/test_scripts/Sortable/st/prettify/run_prettify.js,31
T,1,./parser/test_scripts/Sortable/st/prettify/run_prettify.js,32
onreadystatechange,18,./parser/test_scripts/Sortable/st/prettify/run_prettify.js,33
onerror,7,./parser/test_scripts/Sortable/st/prettify/run_prettify.js,35
r,1,./parser/test_scripts/Sortable/st/prettify/run_prettify.js,34
d,1,./parser/test_scripts/Sortable/st/prettify/run_prettify.js,35
f,1,./parser/test_scripts/Sortable/st/prettify/run_prettify.js,35
c,1,./parser/test_scripts/Sortable/st/prettify/run_prettify.js,36
g,1,./parser/test_scripts/Sortable/st/prettify/run_prettify.js,37
r,1,./parser/test_scripts/Sortable/st/prettify/run_prettify.js,35
f,1,./parser/test_scripts/Sortable/st/prettify/run_prettify.js,39
l,1,./parser/test_scripts/Sortable/st/prettify/run_prettify.js,39
k,1,./parser/test_scripts/Sortable/st/prettify/run_prettify.js,40
z,1,./parser/test_scripts/Sortable/st/prettify/run_prettify.js,40
f,1,./parser/test_scripts/Sortable/st/prettify/run_prettify.js,41
E,1,./parser/test_scripts/Sortable/st/prettify/run_prettify.js,41
v,1,./parser/test_scripts/Sortable/st/prettify/run_prettify.js,42
c,1,./parser/test_scripts/Sortable/st/prettify/run_prettify.js,46
c,1,./parser/test_scripts/Sortable/st/prettify/run_prettify.js,47
g,1,./parser/test_scripts/Sortable/st/prettify/run_prettify.js,47
B,1,./parser/test_scripts/Sortable/st/prettify/run_prettify.js,46
n,1,./parser/test_scripts/Sortable/st/prettify/run_prettify.js,49
F,1,./parser/test_scripts/Sortable/st/prettify/run_prettify.js,49
H,1,./parser/test_scripts/Sortable/st/prettify/run_prettify.js,49
f,1,./parser/test_scripts/Sortable/st/prettify/run_prettify.js,61
